Location,Property Type,Bedrooms,Bathrooms,Size (m2),Amenities,Price (KES),price_per_sqft,distance_to_cbd_km,amenity_score,total_rooms,room_density,bathroom_bedroom_ratio,is_luxury,property_category
Westlands,Land,1,2,65.0,Swimming Pool,5500000.0,84615.38,2.93,2.0,3,0.0462,2.0,0,Other
Kileleshwa,Apartment,1,2,65.0,Swimming Pool,6000000.0,92307.69,3.33,2.0,3,0.0462,2.0,0,Apartment
Kileleshwa,Apartment,1,1,47.0,Swimming Pool,5100000.0,108510.64,3.33,2.0,2,0.0426,1.0,0,Apartment
Kileleshwa,Apartment,2,2,95.17871719321032,En Suite,9210000.0,96765.33,3.33,0.5,4,0.042,1.0,0,Apartment
Kileleshwa,Apartment,1,1,81.6019007936508,En Suite,3000000.0,36763.85,3.33,0.5,2,0.0245,1.0,0,Apartment
Kileleshwa,Studio,1,1,40.0,Gym,4200000.0,105000.0,3.33,2.0,2,0.05,1.0,0,Apartment
Kilimani,Apartment,1,1,81.64634523809524,En Suite,3000000.0,36743.84,3.85,0.5,2,0.0245,1.0,0,Apartment
Kilimani,Apartment,1,1,65.83428314946764,En Suite,7000000.0,106327.58,3.85,0.5,2,0.0304,1.0,0,Apartment
Kileleshwa,Apartment,4,5,363.2450877696948,En Suite,13000000.0,35788.51,3.33,0.5,9,0.0248,1.25,0,Apartment
Kileleshwa,Apartment,3,3,113.21395830786906,En Suite,9000000.0,79495.5,3.33,0.5,6,0.053,1.0,0,Apartment
Kilimani,Apartment,1,1,76.0,En Suite,8360000.0,110000.0,3.85,0.5,2,0.0263,1.0,0,Apartment
Kileleshwa,Apartment,2,2,68.18633101759669,En Suite,6000000.0,87994.18,3.33,0.5,4,0.0587,1.0,0,Apartment
Kileleshwa,Apartment,4,4,299.1622209730363,En Suite,13500000.0,45126.02,3.33,0.5,8,0.0267,1.0,0,Apartment
Westlands,Land,2,2,85.00322133698657,En Suite,7000000.0,82349.82,2.93,0.5,4,0.0471,1.0,0,Other
Kilimani,Apartment,2,2,68.66186408781827,En Suite,6000000.0,87384.75,3.85,0.5,4,0.0583,1.0,0,Apartment
Kilimani,Apartment,4,4,414.0497269790423,En Suite,13500000.0,32604.78,3.85,0.5,8,0.0193,1.0,0,Apartment
Kilimani,Apartment,3,3,113.21395830786906,En Suite,9000000.0,79495.5,3.85,0.5,6,0.053,1.0,0,Apartment
Westlands,Land,2,2,85.00322133698657,En Suite,7000000.0,82349.82,2.93,0.5,4,0.0471,1.0,0,Other
Lavington,Apartment,3,3,143.23074402215477,En Suite,9000000.0,62835.67,5.48,0.5,6,0.0419,1.0,0,Apartment
Kilimani,Apartment,1,1,73.0,En Suite,8030000.0,110000.0,3.85,0.5,2,0.0274,1.0,0,Apartment
Lavington,Apartment,2,2,68.45522554009148,En Suite,6000000.0,87648.53,5.48,0.5,4,0.0584,1.0,0,Apartment
Lavington,Apartment,1,1,82.30634523809523,En Suite,3000000.0,36449.19,5.48,0.5,2,0.0243,1.0,0,Apartment
Westlands,Townhouse,2,2,73.0,"Swimming Pool, Gym, Garden, Parking, Borehole, Lift, En Suite, Balcony, CCTV, Generator, Fibre, Gate, Electric Fence",39406175.27494193,539810.62,2.93,13.0,4,0.0548,1.0,1,House
Kilimani,Apartment,1,1,69.0,Swimming Pool,7590000.0,110000.0,3.85,2.0,2,0.029,1.0,0,Apartment
Kilimani,Apartment,1,1,67.0,Swimming Pool,7370000.0,110000.0,3.85,2.0,2,0.0299,1.0,0,Apartment
Lavington,Townhouse,2,2,69.0,"Swimming Pool, Gym, Garden, Parking, Borehole, Lift, En Suite, Balcony, CCTV, Generator, Fibre, Gate, Electric Fence",34047508.60827526,493442.15,5.48,13.0,4,0.058,1.0,1,House
Thika Road,Apartment,1,1,70.0,En Suite,5200000.0,74285.71,11.8,0.5,2,0.0286,1.0,0,Apartment
Kilimani,Apartment,1,1,66.0,En Suite,7260000.0,110000.0,3.85,0.5,2,0.0303,1.0,0,Apartment
Kilimani,Apartment,1,1,62.0,Swimming Pool,6820000.0,110000.0,3.85,2.0,2,0.0323,1.0,0,Apartment
Westlands,Land,2,2,120.0,En Suite,11700000.0,97500.0,2.93,0.5,4,0.0333,1.0,0,Other
Westlands,Land,2,2,110.0,En Suite,10700000.0,97272.73,2.93,0.5,4,0.0364,1.0,0,Other
Westlands,Land,1,1,80.0,Swimming Pool,8200000.0,102500.0,2.93,2.0,2,0.025,1.0,0,Other
Westlands,Land,1,1,70.0,En Suite,6700000.0,95714.29,2.93,0.5,2,0.0286,1.0,0,Other
Westlands,Land,2,2,131.0,En Suite,14200000.0,108396.95,2.93,0.5,4,0.0305,1.0,0,Other
Westlands,Land,2,2,110.0,En Suite,11900000.0,108181.82,2.93,0.5,4,0.0364,1.0,0,Other
Kileleshwa,Apartment,3,3,138.2819790064653,En Suite,11000000.0,79547.6,3.33,0.5,6,0.0434,1.0,0,Apartment
Kileleshwa,Apartment,2,2,70.3879151279308,En Suite,7000000.0,99448.89,3.33,0.5,4,0.0568,1.0,0,Apartment
Kileleshwa,Apartment,1,1,38.610361111111104,En Suite,4000000.0,103599.13,3.33,0.5,2,0.0518,1.0,0,Apartment
Lavington,Apartment,2,2,70.87537807390319,En Suite,7000000.0,98764.91,5.48,0.5,4,0.0564,1.0,0,Apartment
Lavington,Apartment,1,1,39.13813888888888,En Suite,4000000.0,102202.1,5.48,0.5,2,0.0511,1.0,0,Apartment
Kileleshwa,Apartment,1,1,65.14906626329199,En Suite,6900000.0,105910.96,3.33,0.5,2,0.0307,1.0,0,Apartment
Kileleshwa,Apartment,2,2,138.0,En Suite,13500000.0,97826.09,3.33,0.5,4,0.029,1.0,0,Apartment
Kilimani,Apartment,1,1,70.0,En Suite,6900000.0,98571.43,3.85,0.5,2,0.0286,1.0,0,Apartment
Dagoretti,Studio,1,1,23.12,Swimming Pool,2435400.0,105337.37,7.67,2.0,2,0.0865,1.0,0,Apartment
Westlands,Land,2,2,120.0,"En Suite, SQ",12700000.0,105833.33,2.93,1.0,4,0.0333,1.0,0,Other
Kilimani,Apartment,2,2,68.0,En Suite,7500000.0,110294.12,3.85,0.5,4,0.0588,1.0,0,Apartment
Westlands,Land,1,1,55.0,"Swimming Pool, Rooftop",7800000.0,141818.18,2.93,2.5,2,0.0364,1.0,0,Other
Westlands,Land,2,3,139.0,"En Suite, SQ",15300000.0,110071.94,2.93,1.0,5,0.036,1.5,0,Other
Westlands,Studio,1,1,43.0,"Swimming Pool, Gym",5900000.0,137209.3,2.93,4.0,2,0.0465,1.0,0,Apartment
Kileleshwa,Apartment,1,1,68.0,Swimming Pool,6900000.0,101470.59,3.33,2.0,2,0.0294,1.0,0,Apartment
Westlands,Land,1,1,60.0,Swimming Pool,7000000.0,116666.67,2.93,2.0,2,0.0333,1.0,0,Other
Kilimani,Apartment,2,3,96.0,En Suite,12000000.0,125000.0,3.85,0.5,5,0.0521,1.5,0,Apartment
Kilimani,Apartment,2,2,71.0249708340842,En Suite,6950000.0,97852.91,3.85,0.5,4,0.0563,1.0,0,Apartment
Westlands,Land,1,1,129.26615990147693,En Suite,6000000.0,46415.86,2.93,0.5,2,0.0155,1.0,0,Other
Westlands,Land,2,2,206.14164324802783,En Suite,13000000.0,63063.43,2.93,0.5,4,0.0194,1.0,0,Other
Westlands,Land,2,2,134.00294445335842,En Suite,14500000.0,108206.58,2.93,0.5,4,0.0299,1.0,0,Other
Westlands,Land,1,2,60.0,Swimming Pool,7000000.0,116666.67,2.93,2.0,3,0.05,2.0,0,Other
Westlands,Land,2,3,82.0,En Suite,11000000.0,134146.34,2.93,0.5,5,0.061,1.5,0,Other
Westlands,Land,1,2,57.0,Swimming Pool,5200000.0,91228.07,2.93,2.0,3,0.0526,2.0,0,Other
Lavington,Apartment,2,3,91.0,En Suite,9500000.0,104395.6,5.48,0.5,5,0.0549,1.5,0,Apartment
Kileleshwa,Apartment,4,5,251.2909153859927,En Suite,18000000.0,71630.13,3.33,0.5,9,0.0358,1.25,0,Apartment
Lavington,Apartment,2,3,122.0,En Suite,10000000.0,81967.21,5.48,0.5,5,0.041,1.5,0,Apartment
Lavington,Apartment,1,2,64.0,Swimming Pool,6000000.0,93750.0,5.48,2.0,3,0.0469,2.0,0,Apartment
Lavington,Apartment,1,2,64.0,Swimming Pool,5600000.0,87500.0,5.48,2.0,3,0.0469,2.0,0,Apartment
Westlands,Land,2,3,132.0,En Suite,9900000.0,75000.0,2.93,0.5,5,0.0379,1.5,0,Other
Lavington,Apartment,3,3,247.03899507093143,En Suite,11000000.0,44527.38,5.48,0.5,6,0.0243,1.0,0,Apartment
Westlands,Land,2,3,132.0,En Suite,10000000.0,75757.58,2.93,0.5,5,0.0379,1.5,0,Other
Kileleshwa,Apartment,1,1,60.40588083481638,Swimming Pool,5500000.0,91050.74,3.33,2.0,2,0.0331,1.0,0,Apartment
Lavington,Apartment,2,2,333.59806168805574,En Suite,10700000.0,32074.53,5.48,0.5,4,0.012,1.0,0,Apartment
Lavington,Apartment,2,3,124.0,En Suite,9900000.0,79838.71,5.48,0.5,5,0.0403,1.5,0,Apartment
Lavington,Apartment,1,2,64.0,Swimming Pool,5500000.0,85937.5,5.48,2.0,3,0.0469,2.0,0,Apartment
Westlands,Land,1,2,65.0,Swimming Pool,6000000.0,92307.69,2.93,2.0,3,0.0462,2.0,0,Other
Kilimani,Apartment,3,3,132.0,En Suite,13900000.0,105303.03,3.85,0.5,6,0.0455,1.0,0,Apartment
Westlands,Land,2,2,239.54232290170748,En Suite,12500000.0,52182.85,2.93,0.5,4,0.0167,1.0,0,Other
Lavington,Apartment,2,2,95.85902411961726,En Suite,9200000.0,95974.27,5.48,0.5,4,0.0417,1.0,0,Apartment
Lavington,Apartment,1,1,64.44870459419937,En Suite,6500000.0,100855.4,5.48,0.5,2,0.031,1.0,0,Apartment
Lavington,Apartment,3,4,165.0,En Suite,15000000.0,90909.09,5.48,0.5,7,0.0424,1.33,0,Apartment
Westlands,Land,2,3,122.0,En Suite,9800000.0,80327.87,2.93,0.5,5,0.041,1.5,0,Other
Kilimani,Apartment,2,2,221.17891843276027,En Suite,10500000.0,47472.88,3.85,0.5,4,0.0181,1.0,0,Apartment
Kileleshwa,Apartment,2,2,128.0,Swimming Pool,12500000.0,97656.25,3.33,2.0,4,0.0312,1.0,0,Apartment
Kileleshwa,Apartment,2,2,119.0,En Suite,11200000.0,94117.65,3.33,0.5,4,0.0336,1.0,0,Apartment
Kileleshwa,Apartment,2,2,111.0,En Suite,10400000.0,93693.69,3.33,0.5,4,0.036,1.0,0,Apartment
Kilimani,Apartment,2,1,113.0,Swimming Pool,11200000.0,99115.04,3.85,2.0,3,0.0265,0.5,0,Apartment
Westlands,Land,2,2,119.0,Swimming Pool,16600000.0,139495.8,2.93,2.0,4,0.0336,1.0,0,Other
Westlands,Land,2,1,113.0,Swimming Pool,13200000.0,116814.16,2.93,2.0,3,0.0265,0.5,0,Other
Westlands,Land,2,2,107.0,En Suite,14900000.0,139252.34,2.93,0.5,4,0.0374,1.0,0,Other
Westlands,Land,2,2,90.0,Swimming Pool,12900000.0,143333.33,2.93,2.0,4,0.0444,1.0,0,Other
Kilimani,Apartment,1,1,65.0,Gym,6000000.0,92307.69,3.85,2.0,2,0.0308,1.0,0,Apartment
Westlands,Land,1,1,58.0,Swimming Pool,8200000.0,141379.31,2.93,2.0,2,0.0345,1.0,0,Other
Kilimani,Apartment,1,1,67.0,Gym,7200000.0,107462.69,3.85,2.0,2,0.0299,1.0,0,Apartment
Kilimani,Apartment,2,1,97.0,Swimming Pool,9200000.0,94845.36,3.85,2.0,3,0.0309,0.5,0,Apartment
Lavington,Apartment,2,1,90.0,Gym,9500000.0,105555.56,5.48,2.0,3,0.0333,0.5,0,Apartment
Lavington,Apartment,1,1,60.0,Swimming Pool,6500000.0,108333.33,5.48,2.0,2,0.0333,1.0,0,Apartment
Kilimani,Apartment,2,3,110.0,En Suite,11500000.0,104545.45,3.85,0.5,5,0.0455,1.5,0,Apartment
Kilimani,Apartment,2,2,107.0,En Suite,11200000.0,104672.9,3.85,0.5,4,0.0374,1.0,0,Apartment
Kilimani,Apartment,1,1,83.0,Swimming Pool,8700000.0,104819.28,3.85,2.0,2,0.0241,1.0,0,Apartment
Kilimani,Apartment,1,1,61.0,Swimming Pool,6400000.0,104918.03,3.85,2.0,2,0.0328,1.0,0,Apartment
Westlands,Land,3,3,158.0,"En Suite, SQ",19800000.0,125316.46,2.93,1.0,6,0.038,1.0,0,Other
Nairobi,Studio,1,1,23.12,En Suite,2435400.0,105337.37,0.0,0.5,2,0.0865,1.0,0,Apartment
Westlands,Land,2,1,130.0,Swimming Pool,17200000.0,132307.69,2.93,2.0,3,0.0231,0.5,0,Other
Westlands,Land,2,1,109.0,Swimming Pool,13800000.0,126605.5,2.93,2.0,3,0.0275,0.5,0,Other
Lavington,Townhouse,3,3,23.12,"Swimming Pool, Gym, Garden, Parking, Borehole, Lift, En Suite, Balcony, CCTV, Generator, Fibre, Gate, Electric Fence",33922775.0,1467248.05,5.48,13.0,6,0.2595,1.0,1,House
Kilimani,Apartment,2,2,75.0,SQ,7500000.0,100000.0,3.85,0.5,4,0.0533,1.0,0,Apartment
Westlands,Land,1,1,87.0,Swimming Pool,9950000.0,114367.82,2.93,2.0,2,0.023,1.0,0,Other
Westlands,Land,1,1,69.0,"Swimming Pool, Gym",7500000.0,108695.65,2.93,4.0,2,0.029,1.0,0,Other
Westlands,Studio,1,1,48.0,Swimming Pool,6900000.0,143750.0,2.93,2.0,2,0.0417,1.0,0,Apartment
Westlands,Land,2,1,113.0,Swimming Pool,11230000.0,99380.53,2.93,2.0,3,0.0265,0.5,0,Other
Industrial Area,Townhouse,1,5,56.0,"Swimming Pool, Gym, Garden, Lift, Balcony, CCTV, SQ",17000000.0,303571.43,3.29,8.0,6,0.1071,5.0,1,House
Lavington,Apartment,1,1,56.0,SQ,6300000.0,112500.0,5.48,0.5,2,0.0357,1.0,0,Apartment
Lavington,Apartment,1,1,50.0,SQ,5800000.0,116000.0,5.48,0.5,2,0.04,1.0,0,Apartment
Industrial Area,Townhouse,1,5,56.0,"Swimming Pool, Gym, Garden, Lift, Balcony, CCTV, SQ",17000000.0,303571.43,3.29,8.0,6,0.1071,5.0,1,House
Kilimani,Apartment,3,3,142.0,SQ,14000000.0,98591.55,3.85,0.5,6,0.0423,1.0,0,Apartment
Kilimani,Apartment,2,2,124.0,SQ,12500000.0,100806.45,3.85,0.5,4,0.0323,1.0,0,Apartment
Kilimani,Apartment,2,2,112.0,SQ,11500000.0,102678.57,3.85,0.5,4,0.0357,1.0,0,Apartment
Kilimani,Apartment,2,2,86.0,SQ,9500000.0,110465.12,3.85,0.5,4,0.0465,1.0,0,Apartment
Kilimani,Apartment,1,1,64.0,SQ,7500000.0,117187.5,3.85,0.5,2,0.0312,1.0,0,Apartment
Kilimani,Apartment,2,2,100.0,SQ,9500000.0,95000.0,3.85,0.5,4,0.04,1.0,0,Apartment
Kilimani,Apartment,2,2,70.0,SQ,7500000.0,107142.86,3.85,0.5,4,0.0571,1.0,0,Apartment
Kilimani,Studio,1,1,40.0,SQ,3500000.0,87500.0,3.85,0.5,2,0.05,1.0,0,Apartment
Kilimani,Apartment,1,1,60.0,SQ,5500000.0,91666.67,3.85,0.5,2,0.0333,1.0,0,Apartment
Kilimani,Apartment,1,1,70.0,SQ,5800000.0,82857.14,3.85,0.5,2,0.0286,1.0,0,Apartment
Kilimani,Apartment,2,2,107.0,SQ,8000000.0,74766.36,3.85,0.5,4,0.0374,1.0,0,Apartment
Kilimani,Apartment,3,3,115.0,SQ,9800000.0,85217.39,3.85,0.5,6,0.0522,1.0,0,Apartment
Kileleshwa,Apartment,3,3,140.0,SQ,13500000.0,96428.57,3.33,0.5,6,0.0429,1.0,0,Apartment
Kileleshwa,Apartment,3,3,130.0,SQ,11000000.0,84615.38,3.33,0.5,6,0.0462,1.0,0,Apartment
Lavington,Apartment,4,4,337.85550800269687,SQ,24000000.0,71036.28,5.48,0.5,8,0.0237,1.0,0,Apartment
Kileleshwa,Apartment,4,3,211.0,SQ,23000000.0,109004.74,3.33,0.5,7,0.0332,0.75,0,Apartment
Kileleshwa,Apartment,3,3,179.0,SQ,17000000.0,94972.07,3.33,0.5,6,0.0335,1.0,0,Apartment
Lavington,House,1,1,61.0,"Swimming Pool, Gym, Garden, Parking, SQ, Rooftop, Concierge, Store",6768474.884473804,110958.6,5.48,7.0,2,0.0328,1.0,0,House
Kileleshwa,Apartment,4,4,250.0,"Parking, Borehole, Lift, Balcony, Generator, SQ, Jacuzzi",22863996.007517163,91455.98,3.33,6.5,8,0.032,1.0,0,Apartment
Ngong,Townhouse,3,3,215.0,"Garden, Parking, Solar, SQ, Gate, Laundry",21539459.52380952,100183.53,19.76,3.0,6,0.0279,1.0,0,House
Kileleshwa,Apartment,2,2,150.0,"Swimming Pool, Gym, Parking, Lift, Balcony, SQ, Laundry",13580218.678853096,90534.79,3.33,7.5,4,0.0267,1.0,0,Apartment
Westlands,Land,2,1,80.0,"Swimming Pool, Gym, Parking, Security, Lift, Balcony, CCTV, SQ, Intercom",7180053.746508577,89750.67,2.93,9.0,3,0.0375,0.5,0,Other
Ngong Road,Commercial,4,4,246.0,"Swimming Pool, Gym, Parking, Security, Borehole, Lift, Balcony, CCTV, Generator, SQ, Intercom",30569043.05111865,124264.4,6.88,12.0,8,0.0325,1.0,0,Other
Westlands,Studio,2,2,68.0,"Swimming Pool, Parking, Borehole, Lift, CCTV, SQ, Store",6876313.133035863,101122.25,2.93,7.0,4,0.0588,1.0,0,Apartment
Kilimani,Commercial,3,3,205.0,"Swimming Pool, Gym, Parking, Security, Lift, SQ, Rooftop",22866470.87784178,111543.76,3.85,8.0,6,0.0293,1.0,0,Other
Westlands,Commercial,3,3,223.0,"Swimming Pool, Gym, Parking, Security, Borehole, Balcony, Generator, Solar, SQ, Gate, Intercom, Rooftop, Laundry",23660923.394635458,106102.8,2.93,12.0,6,0.0269,1.0,0,Other
Westlands,Studio,1,1,68.0,"Swimming Pool, Parking, Borehole, Lift, CCTV, SQ, Store",6858040.677508434,100853.54,2.93,7.0,2,0.0294,1.0,0,Apartment
Ngong,Maisonette,3,3,215.0,"Garden, Parking, Solar, SQ, Gate, Laundry",17908585.855337113,83295.75,19.76,3.0,6,0.0279,1.0,0,House
Westlands,Land,1,1,67.0,"Swimming Pool, Gym, Garden, Parking, Security, CCTV, Generator, SQ, Rooftop",7010716.544331845,104637.56,2.93,9.5,2,0.0299,1.0,0,Other
Kileleshwa,Studio,1,1,48.0,"Swimming Pool, Gym, Parking, Borehole, Lift, Generator, SQ, Sauna",6055217.127826993,126150.36,3.33,10.0,2,0.0417,1.0,0,Apartment
Kileleshwa,Apartment,1,1,63.0,"Swimming Pool, Gym, Parking, Borehole, Lift, Generator, SQ, Sauna",6847110.1864568535,108684.29,3.33,10.0,2,0.0317,1.0,0,Apartment
Kileleshwa,Apartment,2,2,85.0,"Swimming Pool, Gym, Parking, Borehole, Lift, Generator, SQ, Sauna",9296488.019013437,109370.45,3.33,10.0,4,0.0471,1.0,0,Apartment
Kileleshwa,Apartment,3,3,203.0,"Gym, SQ",17996148.856416885,88650.98,3.33,2.5,6,0.0296,1.0,0,Apartment
Westlands,Land,3,3,175.0,"Gym, Parking, Generator, SQ, Rooftop",16703149.81361904,95446.57,2.93,5.5,6,0.0343,1.0,0,Other
Athi River,Maisonette,3,3,160.0,"Garden, Parking, Security, Solar, SQ, Gate",19213883.875508413,120086.77,25.98,3.5,6,0.0375,1.0,0,House
Lavington,Studio,1,1,66.0,"Swimming Pool, Gym, Garden, Parking, CCTV, SQ, Playground, Intercom, Laundry, Lift",6455592.160507536,97812.0,5.48,9.5,2,0.0303,1.0,0,Apartment
Westlands,Land,2,2,95.0,"Swimming Pool, Gym, Garden, Parking, Security, Borehole, CCTV, Generator, SQ, Intercom, Lift",11230571.6755666,118216.54,2.93,12.0,4,0.0421,1.0,0,Other
Westlands,Studio,1,1,52.0,"Swimming Pool, Gym, Parking, Security, Borehole, CCTV, Generator, Solar, SQ, Intercom, Rooftop, Sauna, Lift",6673909.836432424,128344.42,2.93,13.0,2,0.0385,1.0,0,Apartment
Nairobi,Bungalow,2,2,211.0,"Garden, Parking, SQ, Gate, Laundry",13810293.657153,65451.63,0.0,2.5,4,0.019,1.0,0,House
Kilimani,Land,3,3,150.0,"Swimming Pool, Gym, Garden, Parking, Borehole, En Suite, Servant Quarter, SQ, Gate, Store",16800000.0,112000.0,3.85,8.5,6,0.04,1.0,0,Other
Kilimani,Apartment,3,3,150.0,SQ,10800000.0,72000.0,3.85,0.5,6,0.04,1.0,0,Apartment
Kilimani,Apartment,2,2,87.0,SQ,9400000.0,108045.98,3.85,0.5,4,0.046,1.0,0,Apartment
Kileleshwa,Apartment,3,3,180.0,"Swimming Pool, Gym, Servant Quarter, SQ",23000000.0,127777.78,3.33,5.0,6,0.0333,1.0,0,Apartment
Kileleshwa,Apartment,4,3,230.0,SQ,23000000.0,100000.0,3.33,0.5,7,0.0304,0.75,0,Apartment
Kileleshwa,Apartment,1,1,109.75915899677643,SQ,5700000.0,51931.88,3.33,0.5,2,0.0182,1.0,0,Apartment
Kasarani,Apartment,1,1,31.0,SQ,3500000.0,112903.23,11.8,0.5,2,0.0645,1.0,0,Apartment
Kahawa,House,4,4,250.0,SQ,25000000.0,100000.0,16.05,0.5,8,0.032,1.0,0,House
Kilimani,Apartment,3,3,135.0,"SQ, Store",14800000.0,109629.63,3.85,1.0,6,0.0444,1.0,0,Apartment
Kilimani,Apartment,3,3,125.0,SQ,12000000.0,96000.0,3.85,0.5,6,0.048,1.0,0,Apartment
Roysambu,Apartment,3,3,134.0,SQ,14500000.0,108208.96,11.34,0.5,6,0.0448,1.0,0,Apartment
Kileleshwa,Apartment,3,3,194.5437512978292,Garden,14500000.0,74533.36,3.33,0.5,6,0.0308,1.0,0,Apartment
Kilimani,Apartment,3,3,150.0,"En Suite, SQ",15000000.0,100000.0,3.85,1.0,6,0.04,1.0,0,Apartment
Kileleshwa,Apartment,3,3,160.0,SQ,15500000.0,96875.0,3.33,0.5,6,0.0375,1.0,0,Apartment
Valley Arcade,Townhouse,3,3,150.0,"Parking, Borehole, Lift, En Suite, Balcony, SQ, Gate",16500000.0,110000.0,3.71,5.0,6,0.04,1.0,0,House
Kileleshwa,Apartment,3,3,170.0,SQ,19000000.0,111764.71,3.33,0.5,6,0.0353,1.0,0,Apartment
Hurlingham,Apartment,3,3,171.0,"Lift, SQ",15000000.0,87719.3,4.38,2.0,6,0.0351,1.0,0,Apartment
Kabete,Studio,1,1,25.5,SQ,2435400.0,95505.88,9.35,0.5,2,0.0784,1.0,0,Apartment
South B,House,4,4,250.0,"En Suite, SQ",25000000.0,100000.0,3.1,1.0,8,0.032,1.0,0,House
Kilimani,Studio,1,1,70.0,"SQ, Gate",4500000.0,64285.71,3.85,1.0,2,0.0286,1.0,0,Apartment
Westlands,Land,3,3,130.0,SQ,14450000.0,111153.85,2.93,0.5,6,0.0462,1.0,0,Other
Buruburu,Townhouse,4,5,260.0,SQ,15900000.0,61153.85,6.43,0.5,9,0.0346,1.25,0,House
Kilimani,Apartment,3,3,251.0,"Balcony, SQ",35000000.0,139442.23,3.85,1.0,6,0.0239,1.0,0,Apartment
Kileleshwa,Apartment,3,3,221.94638079951127,"Borehole, Lift",13800000.0,62177.18,3.33,2.5,6,0.027,1.0,0,Apartment
Nairobi,Bungalow,2,2,100.0,SQ,2600000.0,26000.0,0.0,0.5,4,0.04,1.0,0,House
Westlands,Villa,2,2,95.0,SQ,12600000.0,132631.58,2.93,0.5,4,0.0421,1.0,0,House
Syokimau,Maisonette,4,3,225.0,"Garden, Security, SQ, Gate, Store",15000000.0,66666.67,11.23,3.0,7,0.0311,0.75,0,House
Riverside,Apartment,4,4,280.0,"SQ, Gate",15000000.0,53571.43,2.29,1.0,8,0.0286,1.0,0,Apartment
Kilimani,Apartment,1,1,60.0,SQ,7000000.0,116666.67,3.85,0.5,2,0.0333,1.0,0,Apartment
Membley,House,6,5,300.0,"Security, SQ",19500000.0,65000.0,12.12,1.5,11,0.0367,0.83,0,House
Ngong Road,Apartment,2,2,56.0,SQ,5360000.0,95714.29,6.88,0.5,4,0.0714,1.0,0,Apartment
Kasarani,Maisonette,4,4,400.0,SQ,12500000.0,31250.0,11.8,0.5,8,0.02,1.0,0,House
South C,Bungalow,3,3,120.0,"SQ, Gate",11000000.0,91666.67,3.4,1.0,6,0.05,1.0,0,House
Parklands,Land,3,3,200.0,SQ,12500000.0,62500.0,2.72,0.5,6,0.03,1.0,0,Other
South B,Maisonette,4,3,220.3177262581352,Gate,17500000.0,79430.74,3.1,0.5,7,0.0318,0.75,0,House
Ngong Road,Land,1,1,23.12,SQ,2435400.0,105337.37,6.88,0.5,2,0.0865,1.0,0,Other
Kileleshwa,Apartment,3,3,90.0,SQ,13800000.0,153333.33,3.33,0.5,6,0.0667,1.0,0,Apartment
Kahawa,Apartment,4,4,105.0,SQ,8400000.0,80000.0,16.05,0.5,8,0.0762,1.0,0,Apartment
Embakasi,Maisonette,4,5,300.0,SQ,9999999.0,33333.33,9.38,0.5,9,0.03,1.25,0,House
Lavington,Commercial,2,3,90.0,SQ,9000000.0,100000.0,5.48,0.5,5,0.0556,1.5,0,Other
Langata,House,4,4,246.0,SQ,38800000.0,157723.58,10.77,0.5,8,0.0325,1.0,0,House
Langata,Townhouse,4,2,170.0,"Gym, Parking, Lift, SQ, Gate, Store",26000000.0,152941.18,10.77,5.5,6,0.0353,0.5,1,House
Nairobi,Maisonette,4,4,297.0,SQ,14000000.0,47138.05,0.0,0.5,8,0.0269,1.0,0,House
Kileleshwa,Apartment,2,2,96.0,SQ,10987788.0,114456.12,3.33,0.5,4,0.0417,1.0,0,Apartment
Embakasi,Apartment,3,5,135.0,SQ,8750000.0,64814.81,9.38,0.5,8,0.0593,1.67,0,Apartment
Kilimani,House,3,3,204.0,SQ,29400000.0,144117.65,3.85,0.5,6,0.0294,1.0,0,House
Lavington,House,1,1,60.0,SQ,7600000.0,126666.67,5.48,0.5,2,0.0333,1.0,0,House
Dagoretti,Bungalow,3,4,200.0,SQ,20000000.0,100000.0,7.67,0.5,7,0.035,1.33,0,House
Kileleshwa,Bungalow,1,1,60.0,"Gym, Lift, SQ",7000000.0,116666.67,3.33,4.0,2,0.0333,1.0,0,House
Dagoretti,Apartment,1,3,80.0,"Parking, SQ, Lift",6500000.0,81250.0,7.67,2.5,4,0.05,3.0,0,Apartment
Parklands,Land,3,3,190.0,SQ,14000000.0,73684.21,2.72,0.5,6,0.0316,1.0,0,Other
Embakasi,Maisonette,3,5,250.0,SQ,9999999.0,40000.0,9.38,0.5,8,0.032,1.67,0,House
Kahawa,Apartment,4,3,105.0,SQ,13000000.0,123809.52,16.05,0.5,7,0.0667,0.75,0,Apartment
Nairobi,Bungalow,2,2,100.0,SQ,2600000.0,26000.0,0.0,0.5,4,0.04,1.0,0,House
Westlands,Land,2,2,270.0,SQ,13500000.0,50000.0,2.93,0.5,4,0.0148,1.0,0,Other
Parklands,Land,3,3,200.0,SQ,19500000.0,97500.0,2.72,0.5,6,0.03,1.0,0,Other
Hurlingham,Apartment,3,3,167.0,SQ,18000000.0,107784.43,4.38,0.5,6,0.0359,1.0,0,Apartment
Nairobi,Apartment,2,2,95.0,SQ,8000000.0,84210.53,0.0,0.5,4,0.0421,1.0,0,Apartment
Westlands,Land,3,3,200.0,SQ,28000000.0,140000.0,2.93,0.5,6,0.03,1.0,0,Other
Westlands,Land,1,1,58.0,SQ,7300000.0,125862.07,2.93,0.5,2,0.0345,1.0,0,Other
Kilimani,Apartment,4,4,400.0,SQ,28000000.0,70000.0,3.85,0.5,8,0.02,1.0,0,Apartment
Dagoretti,Studio,1,2,24.0,SQ,2700000.0,112500.0,7.67,0.5,3,0.125,2.0,0,Apartment
Hurlingham,Apartment,2,3,102.0,SQ,10500000.0,102941.18,4.38,0.5,5,0.049,1.5,0,Apartment
Hurlingham,House,1,2,56.0,SQ,8800000.0,157142.86,4.38,0.5,3,0.0536,2.0,0,House
Imara Daima,Villa,2,1,72.80966680648288,Garden,4500000.0,61804.98,8.83,0.5,3,0.0412,0.5,0,House
Valley Arcade,Apartment,4,4,400.0,SQ,16000000.0,40000.0,3.71,0.5,8,0.02,1.0,0,Apartment
Kilimani,Apartment,2,2,185.0,SQ,11000000.0,59459.46,3.85,0.5,4,0.0216,1.0,0,Apartment
Ruiru,Maisonette,4,4,262.0,SQ,20500000.0,78244.27,22.35,0.5,8,0.0305,1.0,0,House
Nairobi,Bungalow,3,3,152.0,"SQ, Gate",9750000.0,64144.74,0.0,1.0,6,0.0395,1.0,0,House
Valley Arcade,Apartment,4,4,251.0,SQ,27000000.0,107569.72,3.71,0.5,8,0.0319,1.0,0,Apartment
Nairobi,Bungalow,3,3,150.0,SQ,9750000.0,65000.0,0.0,0.5,6,0.04,1.0,0,House
Kileleshwa,Apartment,4,4,270.0,SQ,24500000.0,90740.74,3.33,0.5,8,0.0296,1.0,0,Apartment
South B,Apartment,2,3,200.0,"Security, SQ",7000000.0,35000.0,3.1,1.5,5,0.025,1.5,0,Apartment
Kitisuru,Apartment,2,2,113.0,SQ,12500000.0,110619.47,6.42,0.5,4,0.0354,1.0,0,Apartment
Imara Daima,Maisonette,4,3,200.0,SQ,16000000.0,80000.0,8.83,0.5,7,0.035,0.75,0,House
Kileleshwa,Apartment,4,4,270.0,SQ,25800000.0,95555.56,3.33,0.5,8,0.0296,1.0,0,Apartment
Kilimani,House,2,2,120.0,"SQ, Gate",14500000.0,120833.33,3.85,1.0,4,0.0333,1.0,0,House
Upper Hill,Apartment,3,3,174.0,SQ,19800000.0,113793.1,0.42,0.5,6,0.0345,1.0,0,Apartment
Hurlingham,Studio,1,2,43.0,SQ,5200000.0,120930.23,4.38,0.5,3,0.0698,2.0,0,Apartment
Westlands,Land,4,3,160.0,SQ,33650000.0,210312.5,2.93,0.5,7,0.0438,0.75,0,Other
Kileleshwa,Studio,1,1,48.0,SQ,4500000.0,93750.0,3.33,0.5,2,0.0417,1.0,0,Apartment
South C,Apartment,2,2,152.0,"En Suite, Fibre, SQ",12500000.0,82236.84,3.4,1.5,4,0.0263,1.0,0,Apartment
Westlands,Land,1,1,52.0,"SQ, Gate",5500000.0,105769.23,2.93,1.0,2,0.0385,1.0,0,Other
Westlands,Land,1,1,41.0,SQ,5800000.0,141463.41,2.93,0.5,2,0.0488,1.0,0,Other
Westlands,Land,1,1,59.0,SQ,7800000.0,132203.39,2.93,0.5,2,0.0339,1.0,0,Other
Westlands,Maisonette,4,4,300.0,SQ,34000000.0,113333.33,2.93,0.5,8,0.0267,1.0,0,House
Kabete,Land,1,1,33.0,SQ,3300000.0,100000.0,9.35,0.5,2,0.0606,1.0,0,Other
Kilimani,Apartment,3,3,260.0,"Lift, SQ",15500000.0,59615.38,3.85,2.0,6,0.0231,1.0,0,Apartment
Kileleshwa,Apartment,3,3,190.0,SQ,16500000.0,86842.11,3.33,0.5,6,0.0316,1.0,0,Apartment
Imara Daima,Maisonette,4,4,250.0,"Security, SQ, Gate",15000000.0,60000.0,8.83,2.0,8,0.032,1.0,0,House
Kileleshwa,Apartment,2,2,130.0,SQ,12500000.0,96153.85,3.33,0.5,4,0.0308,1.0,0,Apartment
Parklands,Land,3,3,250.0,SQ,21500000.0,86000.0,2.72,0.5,6,0.024,1.0,0,Other
Kileleshwa,Apartment,4,3,230.0,SQ,22000000.0,95652.17,3.33,0.5,7,0.0304,0.75,0,Apartment
Kileleshwa,Apartment,2,2,90.0,SQ,8500000.0,94444.44,3.33,0.5,4,0.0444,1.0,0,Apartment
Kileleshwa,Apartment,1,1,60.0,SQ,7500000.0,125000.0,3.33,0.5,2,0.0333,1.0,0,Apartment
Westlands,Studio,1,1,48.0,SQ,8200000.0,170833.33,2.93,0.5,2,0.0417,1.0,0,Apartment
Parklands,Land,2,2,90.0,SQ,8000000.0,88888.89,2.72,0.5,4,0.0444,1.0,0,Other
Nairobi,Bungalow,3,3,150.0,SQ,9500000.0,63333.33,0.0,0.5,6,0.04,1.0,0,House
Kilimani,Apartment,1,1,43.0,SQ,5200000.0,120930.23,3.85,0.5,2,0.0465,1.0,0,Apartment
Kilimani,Apartment,1,1,55.0,SQ,6500000.0,118181.82,3.85,0.5,2,0.0364,1.0,0,Apartment
Nairobi,House,4,4,236.0,SQ,14000000.0,59322.03,0.0,0.5,8,0.0339,1.0,0,House
Westlands,Land,1,1,67.0,"Gym, SQ, Intercom",7600000.0,113432.84,2.93,3.0,2,0.0299,1.0,0,Other
Westlands,Land,1,1,104.0,SQ,6440000.0,61923.08,2.93,0.5,2,0.0192,1.0,0,Other
Westlands,Land,2,2,94.0,SQ,15540000.0,165319.15,2.93,0.5,4,0.0426,1.0,0,Other
Dagoretti,Townhouse,1,3,49.0,"Security, Borehole, SQ, Gate",4900000.0,100000.0,7.67,3.0,4,0.0816,3.0,0,House
Langata,House,4,4,260.0,SQ,35900000.0,138076.92,10.77,0.5,8,0.0308,1.0,0,House
Muthaiga,Apartment,2,2,185.0,SQ,13000000.0,70270.27,5.99,0.5,4,0.0216,1.0,0,Apartment
Westlands,Land,1,1,57.0,SQ,7700000.0,135087.72,2.93,0.5,2,0.0351,1.0,0,Other
Nairobi,Bungalow,3,3,150.0,"SQ, Gate",9550000.0,63666.67,0.0,1.0,6,0.04,1.0,0,House
Kileleshwa,House,4,4,270.0,SQ,29500000.0,109259.26,3.33,0.5,8,0.0296,1.0,0,House
Westlands,Land,3,3,198.0,SQ,22250000.0,112373.74,2.93,0.5,6,0.0303,1.0,0,Other
Kilimani,Apartment,1,1,70.0,SQ,6900000.0,98571.43,3.85,0.5,2,0.0286,1.0,0,Apartment
Dagoretti,Apartment,2,3,65.0,SQ,7800000.0,120000.0,7.67,0.5,5,0.0769,1.5,0,Apartment
Komarock,House,6,5,400.0,SQ,23000000.0,57500.0,10.34,0.5,11,0.0275,0.83,0,House
Kilimani,Apartment,2,2,75.0,SQ,7500000.0,100000.0,3.85,0.5,4,0.0533,1.0,0,Apartment
Kilimani,Apartment,2,2,95.0,SQ,7500000.0,78947.37,3.85,0.5,4,0.0421,1.0,0,Apartment
Hurlingham,Maisonette,3,3,190.0,"Swimming Pool, Gym, Garden, SQ, Gate, Laundry",23000000.0,121052.63,4.38,6.0,6,0.0316,1.0,0,House
Kileleshwa,Apartment,1,1,55.0,SQ,7500000.0,136363.64,3.33,0.5,2,0.0364,1.0,0,Apartment
Westlands,Land,1,2,65.0,SQ,7000000.0,107692.31,2.93,0.5,3,0.0462,2.0,0,Other
Hurlingham,House,2,4,60.0,"Garden, SQ",11500000.0,191666.67,4.38,1.0,6,0.1,2.0,0,House
Kilimani,Studio,1,1,23.12,SQ,2435400.0,105337.37,3.85,0.5,2,0.0865,1.0,0,Apartment
Kileleshwa,Studio,1,1,42.0,SQ,4500000.0,107142.86,3.33,0.5,2,0.0476,1.0,0,Apartment
Kileleshwa,Maisonette,4,3,130.0,SQ,38000000.0,292307.69,3.33,0.5,7,0.0538,0.75,0,House
Imara Daima,House,3,3,59.0,"Swimming Pool, Gym, SQ",10500000.0,177966.1,8.83,4.5,6,0.1017,1.0,0,House
Kilimani,Apartment,2,5,80.0,"SQ, Laundry",9000000.0,112500.0,3.85,1.0,7,0.0875,2.5,0,Apartment
Hurlingham,Apartment,3,3,134.0,SQ,15200000.0,113432.84,4.38,0.5,6,0.0448,1.0,0,Apartment
Kileleshwa,Apartment,1,1,58.0,SQ,7500000.0,129310.34,3.33,0.5,2,0.0345,1.0,0,Apartment
Westlands,Land,3,3,398.3778434218041,SQ,30000000.0,75305.39,2.93,0.5,6,0.0151,1.0,0,Other
Kileleshwa,Apartment,3,3,208.0,SQ,19500000.0,93750.0,3.33,0.5,6,0.0288,1.0,0,Apartment
Westlands,Land,1,1,41.0,SQ,5800000.0,141463.41,2.93,0.5,2,0.0488,1.0,0,Other
Nairobi,Apartment,3,3,300.0,"Garden, SQ",14500000.0,48333.33,0.0,1.0,6,0.02,1.0,0,Apartment
Lavington,Apartment,3,3,170.0,SQ,23000000.0,135294.12,5.48,0.5,6,0.0353,1.0,0,Apartment
Kilimani,Apartment,2,2,70.0,SQ,7500000.0,107142.86,3.85,0.5,4,0.0571,1.0,0,Apartment
Hurlingham,Land,3,3,205.0,SQ,29500000.0,143902.44,4.38,0.5,6,0.0293,1.0,0,Other
Valley Arcade,Apartment,3,3,138.0,SQ,12800000.0,92753.62,3.71,0.5,6,0.0435,1.0,0,Apartment
South C,Apartment,2,2,180.0,SQ,8000000.0,44444.44,3.4,0.5,4,0.0222,1.0,0,Apartment
Kilimani,Apartment,3,3,186.0,SQ,12500000.0,67204.3,3.85,0.5,6,0.0323,1.0,0,Apartment
Kileleshwa,Apartment,3,3,236.0,SQ,22000000.0,93220.34,3.33,0.5,6,0.0254,1.0,0,Apartment
Kilimani,Apartment,3,3,141.88545703425984,SQ,13500000.0,95147.17,3.85,0.5,6,0.0423,1.0,0,Apartment
Thome,House,3,3,134.0,"Gym, Lift, SQ",14500000.0,108208.96,7.25,4.0,6,0.0448,1.0,0,House
Hurlingham,Apartment,3,4,250.0,SQ,20000000.0,80000.0,4.38,0.5,7,0.028,1.33,0,Apartment
Hurlingham,Apartment,3,3,173.0,SQ,18500000.0,106936.42,4.38,0.5,6,0.0347,1.0,0,Apartment
Kileleshwa,House,4,4,338.0,SQ,34000000.0,100591.72,3.33,0.5,8,0.0237,1.0,0,House
Kilimani,Apartment,2,2,61.0,SQ,6200000.0,101639.34,3.85,0.5,4,0.0656,1.0,0,Apartment
Donholm,Maisonette,4,4,160.0,"SQ, Gate",18000000.0,112500.0,8.87,1.0,8,0.05,1.0,0,House
Kilimani,Apartment,3,3,118.0,SQ,14800000.0,125423.73,3.85,0.5,6,0.0508,1.0,0,Apartment
Hurlingham,House,4,4,295.0,SQ,29000000.0,98305.08,4.38,0.5,8,0.0271,1.0,0,House
Kitisuru,Apartment,2,2,112.0,SQ,12500000.0,111607.14,6.42,0.5,4,0.0357,1.0,0,Apartment
Kileleshwa,Apartment,2,2,125.0,SQ,14500000.0,116000.0,3.33,0.5,4,0.032,1.0,0,Apartment
Kilimani,Apartment,1,1,31.0,SQ,3400000.0,109677.42,3.85,0.5,2,0.0645,1.0,0,Apartment
Kileleshwa,Apartment,2,2,166.0,SQ,14000000.0,84337.35,3.33,0.5,4,0.0241,1.0,0,Apartment
Dagoretti,Townhouse,6,5,250.0,SQ,25000000.0,100000.0,7.67,0.5,11,0.044,0.83,0,House
Westlands,Land,2,1,110.0,"Swimming Pool, Gym, Lift, SQ, Laundry",14500000.0,131818.18,2.93,6.5,3,0.0273,0.5,0,Other
Kileleshwa,Apartment,4,4,260.0,SQ,23500000.0,90384.62,3.33,0.5,8,0.0308,1.0,0,Apartment
Westlands,Land,1,1,55.0,"Parking, SQ",6200000.0,112727.27,2.93,1.0,2,0.0364,1.0,0,Other
Kahawa,Apartment,2,3,70.0,SQ,5100000.0,72857.14,16.05,0.5,5,0.0714,1.5,0,Apartment
