Location,Property Type,Bedrooms,Bathrooms,Size (m2),Amenities,Price (KES),Listing Date,Source
Westlands,Land,1,2,65,Swimming Pool,5500000,N/A,BuyRentKenya
Westlands,Villa,6,6,N/A,En Suite,260000000,N/A,BuyRentKenya
Kileleshwa,Apartment,1,2,65,Swimming Pool,6000000,N/A,BuyRentKenya
Kileleshwa,Apartment,1,1,47,Swimming Pool,5100000,N/A,BuyRentKenya
Westlands,Land,N/A,N/A,N/A,None,25000000,N/A,BuyRentKenya
Lavington,Townhouse,5,6,N/A,En Suite,75000000,N/A,BuyRentKenya
Lavington,Townhouse,5,6,N/A,En Suite,81000000,N/A,BuyRentKenya
Lavington,Townhouse,6,7,N/A,En Suite,85000000,N/A,BuyRentKenya
Westlands,Land,2,N/A,N/A,En Suite,28644620,N/A,BuyRentKenya
Kileleshwa,Apartment,2,2,N/A,En Suite,9210000,N/A,BuyRentKenya
Kileleshwa,Apartment,1,1,N/A,En Suite,3000000,N/A,BuyRentKenya
Karen,Villa,5,6,N/A,En Suite,190000000,N/A,BuyRentKenya
Kileleshwa,Studio,N/A,1,40,Gym,4200000,N/A,BuyRentKenya
Kilimani,Apartment,1,1,N/A,En Suite,3000000,N/A,BuyRentKenya
Kilimani,Apartment,1,1,N/A,En Suite,7000000,N/A,BuyRentKenya
Kilimani,Apartment,4,4,N/A,En Suite,13000000,N/A,BuyRentKenya
Lavington,Apartment,4,4,N/A,En Suite,13500000,N/A,BuyRentKenya
Kileleshwa,Apartment,4,5,N/A,En Suite,13000000,N/A,BuyRentKenya
Kileleshwa,Apartment,3,3,N/A,En Suite,9000000,N/A,BuyRentKenya
Kilimani,Apartment,1,1,76,En Suite,8360000,N/A,BuyRentKenya
Kileleshwa,Apartment,2,2,N/A,En Suite,6000000,N/A,BuyRentKenya
Westlands,Land,3,3,N/A,En Suite,12000000,N/A,BuyRentKenya
Kileleshwa,Apartment,4,4,N/A,En Suite,13500000,N/A,BuyRentKenya
Nairobi,Townhouse,N/A,N/A,N/A,"Swimming Pool, Gym, Garden, Parking, Borehole, Lift, En Suite, Balcony, CCTV, Generator, Fibre, Gate, Electric Fence",N/A,N/A,BuyRentKenya
Westlands,Townhouse,1,2,65,"Swimming Pool, Gym, Garden, Parking, Borehole, Lift, En Suite, Balcony, CCTV, Generator, Fibre, Gate, Electric Fence",N/A,19,BuyRentKenya
Westlands,Land,2,2,N/A,En Suite,7000000,N/A,BuyRentKenya
Kilimani,Apartment,2,2,N/A,En Suite,6000000,N/A,BuyRentKenya
Kilimani,Apartment,4,4,N/A,En Suite,13500000,N/A,BuyRentKenya
Kilimani,Apartment,3,3,N/A,En Suite,9000000,N/A,BuyRentKenya
Westlands,Land,2,2,N/A,En Suite,7000000,N/A,BuyRentKenya
Lavington,Apartment,4,5,N/A,En Suite,13000000,N/A,BuyRentKenya
Westlands,Land,3,2,N/A,En Suite,13000000,N/A,BuyRentKenya
Lavington,Apartment,3,3,N/A,En Suite,9000000,N/A,BuyRentKenya
Kilimani,Apartment,1,1,73,En Suite,8030000,N/A,BuyRentKenya
Lavington,Apartment,2,2,N/A,En Suite,6000000,N/A,BuyRentKenya
Westlands,Land,1,1,N/A,En Suite,4000000,N/A,BuyRentKenya
Lavington,Apartment,1,1,N/A,En Suite,3000000,N/A,BuyRentKenya
Westlands,Townhouse,2,2,73,"Swimming Pool, Gym, Garden, Parking, Borehole, Lift, En Suite, Balcony, CCTV, Generator, Fibre, Gate, Electric Fence",N/A,8,BuyRentKenya
Kilimani,Apartment,1,1,69,Swimming Pool,7590000,N/A,BuyRentKenya
Kilimani,Apartment,1,1,67,Swimming Pool,7370000,N/A,BuyRentKenya
Westlands,Land,1,1,672,Swimming Pool,8100000,N/A,BuyRentKenya
Lavington,Townhouse,2,2,69,"Swimming Pool, Gym, Garden, Parking, Borehole, Lift, En Suite, Balcony, CCTV, Generator, Fibre, Gate, Electric Fence",N/A,8,BuyRentKenya
Thika Road,Apartment,1,1,70,En Suite,5200000,N/A,BuyRentKenya
Kilimani,Apartment,1,1,66,En Suite,7260000,N/A,BuyRentKenya
Kilimani,Apartment,1,1,62,Swimming Pool,6820000,N/A,BuyRentKenya
Westlands,Land,2,2,120,En Suite,11700000,N/A,BuyRentKenya
Westlands,Land,2,2,110,En Suite,10700000,N/A,BuyRentKenya
Westlands,Land,1,1,80,Swimming Pool,8200000,N/A,BuyRentKenya
Westlands,Land,1,1,70,En Suite,6700000,N/A,BuyRentKenya
Westlands,Land,2,2,131,En Suite,14200000,N/A,BuyRentKenya
Westlands,Land,2,2,110,En Suite,11900000,N/A,BuyRentKenya
Kileleshwa,Apartment,3,3,N/A,En Suite,11000000,N/A,BuyRentKenya
Kileleshwa,Apartment,2,2,N/A,En Suite,7000000,N/A,BuyRentKenya
Kileleshwa,Apartment,1,1,N/A,En Suite,4000000,N/A,BuyRentKenya
Kilimani,Commercial,N/A,N/A,N/A,None,5000000,N/A,BuyRentKenya
Lavington,Apartment,2,2,N/A,En Suite,7000000,N/A,BuyRentKenya
Thika Road,Townhouse,1,1,70,"Swimming Pool, Gym, Garden, Parking, Borehole, Lift, En Suite, Balcony, CCTV, Generator, Fibre, Gate, Electric Fence",N/A,8,BuyRentKenya
Lavington,Apartment,1,1,N/A,En Suite,4000000,N/A,BuyRentKenya
Kileleshwa,Apartment,1,1,N/A,En Suite,6900000,N/A,BuyRentKenya
Kileleshwa,Apartment,2,2,138,En Suite,13500000,N/A,BuyRentKenya
Westlands,Land,2,N/A,N/A,En Suite,11500000,N/A,BuyRentKenya
Kilimani,Apartment,3,N/A,N/A,En Suite,23000000,N/A,BuyRentKenya
Kilimani,Apartment,2,N/A,N/A,En Suite,10000000,N/A,BuyRentKenya
Westlands,Land,1,N/A,N/A,Swimming Pool,12000000,N/A,BuyRentKenya
Westlands,Land,3,N/A,N/A,En Suite,26000000,N/A,BuyRentKenya
Kileleshwa,Apartment,2,N/A,N/A,"En Suite, SQ",13800000,N/A,BuyRentKenya
Lower Kabete,Studio,N/A,N/A,N/A,Gym,2300000,N/A,BuyRentKenya
Kilimani,Apartment,1,1,70,En Suite,6900000,N/A,BuyRentKenya
Dagoretti,Studio,N/A,1,22,Swimming Pool,2300000,N/A,BuyRentKenya
Westlands,Land,2,2,120,"En Suite, SQ",12700000,N/A,BuyRentKenya
Kilimani,Apartment,2,2,68,En Suite,7500000,N/A,BuyRentKenya
Westlands,Land,1,1,55,"Swimming Pool, Rooftop",7800000,N/A,BuyRentKenya
Karen,House,5,4,N/A,Garden,130000000,N/A,BuyRentKenya
Westlands,Land,2,3,139,"En Suite, SQ",15300000,N/A,BuyRentKenya
Westlands,Studio,N/A,1,43,"Swimming Pool, Gym",5900000,N/A,BuyRentKenya
Westlands,Townhouse,2,1,138,"Swimming Pool, Gym, Garden, Parking, Borehole, Lift, En Suite, Balcony, CCTV, Generator, Fibre, SQ, Gate, Rooftop, Electric Fence",N/A,11,BuyRentKenya
Kileleshwa,Apartment,3,3,1791,"En Suite, SQ",22830000,N/A,BuyRentKenya
Kileleshwa,Apartment,1,1,68,Swimming Pool,6900000,N/A,BuyRentKenya
Kileleshwa,Apartment,5,6,367,"En Suite, SQ",41000000,N/A,BuyRentKenya
Westlands,Land,1,1,60,Swimming Pool,7000000,N/A,BuyRentKenya
Kilimani,Apartment,2,3,96,En Suite,12000000,N/A,BuyRentKenya
Kilimani,Apartment,2,2,N/A,En Suite,6950000,N/A,BuyRentKenya
Westlands,Land,1,1,N/A,En Suite,6000000,N/A,BuyRentKenya
Kiambu,House,4,5,N/A,Garden,73000000,N/A,BuyRentKenya
Karen,House,4,5,N/A,Swimming Pool,85000000,N/A,BuyRentKenya
Westlands,Land,4,5,N/A,None,98000000,N/A,BuyRentKenya
Westlands,Land,2,2,N/A,En Suite,13000000,N/A,BuyRentKenya
Westlands,Land,1,1,N/A,En Suite,4900000,N/A,BuyRentKenya
Kileleshwa,Apartment,3,3,N/A,En Suite,24000000,N/A,BuyRentKenya
Westlands,Land,2,2,N/A,En Suite,14500000,N/A,BuyRentKenya
Westlands,Land,1,2,60,Swimming Pool,7000000,N/A,BuyRentKenya
Westlands,Land,2,3,82,En Suite,11000000,N/A,BuyRentKenya
Westlands,Land,1,2,57,Swimming Pool,5200000,N/A,BuyRentKenya
Lavington,Apartment,2,3,91,En Suite,9500000,N/A,BuyRentKenya
Kileleshwa,Townhouse,4,4,1791,"Swimming Pool, Gym, Garden, Parking, Borehole, Lift, En Suite, Balcony, CCTV, Generator, Fibre, SQ, Gate, Electric Fence",N/A,16,BuyRentKenya
Westlands,Land,1,1,N/A,En Suite,4000000,N/A,BuyRentKenya
Kileleshwa,Apartment,4,5,N/A,En Suite,18000000,N/A,BuyRentKenya
Lavington,Apartment,2,3,122,En Suite,10000000,N/A,BuyRentKenya
Lavington,Apartment,1,2,64,Swimming Pool,6000000,N/A,BuyRentKenya
Lavington,Apartment,1,2,64,Swimming Pool,5600000,N/A,BuyRentKenya
Westlands,Land,2,3,132,En Suite,9900000,N/A,BuyRentKenya
Westlands,Land,3,4,N/A,"Swimming Pool, SQ",19500000,N/A,BuyRentKenya
South C,Townhouse,4,2,N/A,None,20500000,N/A,BuyRentKenya
Lavington,Commercial,N/A,N/A,N/A,None,320000000,N/A,BuyRentKenya
Westlands,Land,N/A,N/A,4046.9,None,550000000,N/A,BuyRentKenya
Roysambu,Apartment,1,1,N/A,En Suite,3300000,N/A,BuyRentKenya
Lavington,Townhouse,5,6,N/A,En Suite,135000000,N/A,BuyRentKenya
Lavington,Townhouse,4,5,N/A,En Suite,168000000,N/A,BuyRentKenya
Lavington,Townhouse,6,7,N/A,En Suite,150000000,N/A,BuyRentKenya
Lavington,Townhouse,5,5,N/A,En Suite,95000000,N/A,BuyRentKenya
Lavington,Townhouse,5,5,N/A,En Suite,160000000,N/A,BuyRentKenya
Lavington,Townhouse,5,6,N/A,En Suite,150000000,N/A,BuyRentKenya
Lavington,Townhouse,6,7,N/A,En Suite,86000000,N/A,BuyRentKenya
Lavington,Townhouse,5,6,N/A,En Suite,85000000,N/A,BuyRentKenya
Lavington,Townhouse,5,5,N/A,En Suite,90000000,N/A,BuyRentKenya
Westlands,Land,5,6,N/A,En Suite,350000000,N/A,BuyRentKenya
Westlands,Townhouse,5,5,N/A,En Suite,150000000,N/A,BuyRentKenya
Lavington,House,9,9,N/A,En Suite,350000000,N/A,BuyRentKenya
Lavington,Townhouse,4,4,N/A,En Suite,58000000,N/A,BuyRentKenya
Kileleshwa,Townhouse,4,4,N/A,En Suite,76000000,N/A,BuyRentKenya
Kileleshwa,Townhouse,4,5,N/A,En Suite,73000000,N/A,BuyRentKenya
Lavington,Townhouse,5,5,N/A,En Suite,110000000,N/A,BuyRentKenya
Nairobi,Apartment,2,2,N/A,En Suite,12000000,N/A,BuyRentKenya
Westlands,Land,4,4,N/A,En Suite,18000000,N/A,BuyRentKenya
Nairobi,Apartment,3,4,N/A,En Suite,17000000,N/A,BuyRentKenya
Lavington,Apartment,3,3,N/A,En Suite,11000000,N/A,BuyRentKenya
Westlands,Townhouse,3,3,65,"Swimming Pool, Gym, Garden, Parking, Borehole, Lift, En Suite, Balcony, CCTV, Generator, Fibre, Gate, Electric Fence",N/A,10,BuyRentKenya
Westlands,Land,2,3,132,En Suite,10000000,N/A,BuyRentKenya
Kilimani,Apartment,5,6,N/A,En Suite,65000000,N/A,BuyRentKenya
Kileleshwa,Apartment,1,1,N/A,Swimming Pool,5500000,N/A,BuyRentKenya
Kilimani,Apartment,3,2,N/A,En Suite,13700000,N/A,BuyRentKenya
Lavington,Apartment,2,2,N/A,En Suite,10700000,N/A,BuyRentKenya
Westlands,Townhouse,2,3,132,"Swimming Pool, Gym, Garden, Parking, Borehole, Lift, En Suite, Balcony, CCTV, Generator, Fibre, Gate, Electric Fence",N/A,10,BuyRentKenya
Lavington,Apartment,2,3,124,En Suite,9900000,N/A,BuyRentKenya
Westlands,Land,4,N/A,N/A,En Suite,120000000,N/A,BuyRentKenya
Lavington,Apartment,1,2,64,Swimming Pool,5500000,N/A,BuyRentKenya
Westlands,Land,1,2,65,Swimming Pool,6000000,N/A,BuyRentKenya
Lavington,Land,N/A,N/A,N/A,None,250000000,N/A,BuyRentKenya
Kilimani,Apartment,3,3,132,En Suite,13900000,N/A,BuyRentKenya
Lavington,Townhouse,2,3,142,"Swimming Pool, Gym, Garden, Parking, Borehole, Lift, En Suite, Balcony, CCTV, Generator, Fibre, Gate, Electric Fence",N/A,10,BuyRentKenya
Westlands,Land,5,6,N/A,En Suite,185000000,N/A,BuyRentKenya
Lavington,Villa,5,5,N/A,En Suite,95000000,N/A,BuyRentKenya
Kilimani,Apartment,2,2,1274,En Suite,13500000,N/A,BuyRentKenya
Spring Valley,Townhouse,5,6,N/A,"Garden, En Suite",110000000,N/A,BuyRentKenya
Kilimani,Apartment,2,2,1192,En Suite,13200000,N/A,BuyRentKenya
Westlands,Land,2,2,N/A,En Suite,12500000,N/A,BuyRentKenya
Lavington,Apartment,3,3,N/A,En Suite,13000000,N/A,BuyRentKenya
Kilimani,Apartment,2,2,1024,Swimming Pool,11300000,N/A,BuyRentKenya
Lavington,Apartment,2,2,N/A,En Suite,9200000,N/A,BuyRentKenya
Lavington,Apartment,1,1,N/A,En Suite,6500000,N/A,BuyRentKenya
Lavington,Townhouse,5,N/A,N/A,Gate,72000000,N/A,BuyRentKenya
Karen,Land,N/A,N/A,4046.9,None,85000000,N/A,BuyRentKenya
Westlands,Land,5,N/A,N/A,En Suite,125000000,N/A,BuyRentKenya
Lavington,Apartment,3,4,165,En Suite,15000000,N/A,BuyRentKenya
Westlands,Land,2,3,122,En Suite,9800000,N/A,BuyRentKenya
Kilimani,Apartment,2,2,N/A,En Suite,10500000,N/A,BuyRentKenya
Westlands,Land,4,5,N/A,En Suite,21000000,N/A,BuyRentKenya
Ngong Road,Land,N/A,N/A,3055.4,None,280000000,N/A,BuyRentKenya
Westlands,Land,1,1,5708,"Swimming Pool, Gym",5200000,N/A,BuyRentKenya
Kileleshwa,Apartment,3,3,N/A,En Suite,30000000,N/A,BuyRentKenya
Lavington,Townhouse,1,1,5708,"Swimming Pool, Gym, Garden, Parking, Borehole, Lift, En Suite, Balcony, CCTV, Generator, Fibre, Gate, Electric Fence",N/A,11,BuyRentKenya
Kileleshwa,Apartment,2,2,128,Swimming Pool,12500000,N/A,BuyRentKenya
Westlands,Land,2,1,8534,Swimming Pool,11690000,N/A,BuyRentKenya
Westlands,Townhouse,1,1,128,"Swimming Pool, Gym, Garden, Parking, Borehole, Lift, En Suite, Balcony, CCTV, Generator, Fibre, Gate, Electric Fence",N/A,10,BuyRentKenya
Westlands,Land,2,2,N/A,En Suite,11900000,N/A,BuyRentKenya
Roysambu,Studio,N/A,1,N/A,Swimming Pool,2500000,N/A,BuyRentKenya
Kileleshwa,Apartment,2,2,119,En Suite,11200000,N/A,BuyRentKenya
Kileleshwa,Apartment,2,2,111,En Suite,10400000,N/A,BuyRentKenya
Kilimani,Apartment,2,1,113,Swimming Pool,11200000,N/A,BuyRentKenya
Westlands,Land,2,2,119,Swimming Pool,16600000,N/A,BuyRentKenya
Westlands,Land,2,1,113,Swimming Pool,13200000,N/A,BuyRentKenya
Westlands,Land,2,2,107,En Suite,14900000,N/A,BuyRentKenya
Westlands,Townhouse,2,2,119,"Swimming Pool, Gym, Garden, Parking, Borehole, Lift, En Suite, Balcony, CCTV, Generator, Fibre, Gate, Electric Fence",N/A,8,BuyRentKenya
Westlands,Land,5,6,N/A,En Suite,128000000,N/A,BuyRentKenya
Westlands,Land,2,2,90,Swimming Pool,12900000,N/A,BuyRentKenya
Kilimani,Apartment,1,1,65,Gym,6000000,N/A,BuyRentKenya
Westlands,Land,1,1,58,Swimming Pool,8200000,N/A,BuyRentKenya
Kilimani,Apartment,1,1,67,Gym,7200000,N/A,BuyRentKenya
Kilimani,Apartment,2,1,97,Swimming Pool,9200000,N/A,BuyRentKenya
Lavington,Apartment,2,1,90,Gym,9500000,N/A,BuyRentKenya
Lavington,Apartment,1,1,60,Swimming Pool,6500000,N/A,BuyRentKenya
Kilimani,Apartment,2,3,110,En Suite,11500000,N/A,BuyRentKenya
Kilimani,Apartment,2,2,107,En Suite,11200000,N/A,BuyRentKenya
Kilimani,Apartment,1,1,83,Swimming Pool,8700000,N/A,BuyRentKenya
Kilimani,Apartment,1,1,61,Swimming Pool,6400000,N/A,BuyRentKenya
Westlands,Land,3,3,158,"En Suite, SQ",19800000,N/A,BuyRentKenya
Lavington,Apartment,3,3,N/A,En Suite,21000000,N/A,BuyRentKenya
Nairobi,Studio,N/A,1,23,En Suite,2300000,N/A,BuyRentKenya
Westlands,Land,2,2,9066,Swimming Pool,12000000,N/A,BuyRentKenya
Westlands,Land,1,1,5962,Swimming Pool,7900000,N/A,BuyRentKenya
Westlands,Land,1,1,5708,Swimming Pool,7600000,N/A,BuyRentKenya
Westlands,Land,3,3,14243,Swimming Pool,19000000,N/A,BuyRentKenya
Westlands,Land,2,1,130,Swimming Pool,17200000,N/A,BuyRentKenya
Westlands,Villa,5,5,N/A,En Suite,120000000,N/A,BuyRentKenya
Westlands,Land,2,2,8267,Swimming Pool,11000000,N/A,BuyRentKenya
Westlands,Land,2,1,109,Swimming Pool,13800000,N/A,BuyRentKenya
Lavington,Townhouse,3,3,23,"Swimming Pool, Gym, Garden, Parking, Borehole, Lift, En Suite, Balcony, CCTV, Generator, Fibre, Gate, Electric Fence",N/A,9,BuyRentKenya
Westlands,Land,1,1,N/A,En Suite,8100000,N/A,BuyRentKenya
Kilimani,Apartment,2,2,75,None,7500000,N/A,BuyRentKenya
Westlands,Land,1,1,87,Swimming Pool,9950000,N/A,BuyRentKenya
Westlands,Land,1,1,69,"Swimming Pool, Gym",7500000,N/A,BuyRentKenya
Westlands,Studio,N/A,1,48,Swimming Pool,6900000,N/A,BuyRentKenya
Karen,Townhouse,4,5,399,En Suite,80000000,N/A,BuyRentKenya
Westlands,Land,2,1,113,Swimming Pool,11230000,N/A,BuyRentKenya
Westlands,Studio,N/A,N/A,N/A,Swimming Pool,5800000,N/A,BuyRentKenya
Kileleshwa,Townhouse,3,3,75,"Swimming Pool, Gym, Garden, Parking, Borehole, Lift, En Suite, Balcony, CCTV, Generator, Fibre, Gate, Electric Fence",N/A,11,BuyRentKenya
Karen,Commercial,N/A,N/A,4046.9,None,100000000,N/A,PropertyPro
Nairobi,Apartment,N/A,N/A,N/A,None,100000000,N/A,PropertyPro
Riverside,Townhouse,N/A,N/A,N/A,None,63800000,N/A,PropertyPro
Nairobi,Apartment,N/A,N/A,N/A,None,63800000,N/A,PropertyPro
Ngong,Land,N/A,N/A,849.8,None,155000000,N/A,PropertyPro
Nairobi,Apartment,N/A,N/A,N/A,None,155000000,N/A,PropertyPro
Riverside,Townhouse,4,5,N/A,SQ,120000000,N/A,PropertyPro
Nairobi,Apartment,4,5,N/A,None,120000000,N/A,PropertyPro
Industrial Area,Townhouse,1,5,4046.9,"Garden, Parking, Borehole, Lift, Balcony, CCTV, Generator, SQ",2025000000,N/A,PropertyPro
Runda,Land,N/A,N/A,2023.4,None,55000000,N/A,PropertyPro
Nairobi,Apartment,N/A,N/A,N/A,None,55000000,N/A,PropertyPro
Ngara,Land,N/A,N/A,918.6,None,100000000,N/A,PropertyPro
Muthaiga,Maisonette,5,5,N/A,None,550000000,N/A,PropertyPro
Nairobi,Apartment,5,5,N/A,None,550000000,N/A,PropertyPro
Muthaiga,Maisonette,4,5,N/A,None,245000000,N/A,PropertyPro
Nairobi,Apartment,4,5,N/A,None,245000000,N/A,PropertyPro
Ruaka,Apartment,1,1,N/A,None,4600000,N/A,PropertyPro
Nairobi,Apartment,1,1,N/A,None,4600000,N/A,PropertyPro
Karen,Commercial,N/A,N/A,N/A,None,95000000,N/A,PropertyPro
Nairobi,Apartment,N/A,N/A,N/A,None,95000000,N/A,PropertyPro
Kilimani,Apartment,5,5,N/A,None,54000000,N/A,PropertyPro
Nairobi,Apartment,5,5,N/A,None,54000000,N/A,PropertyPro
Kilimani,Apartment,4,4,N/A,None,44000000,N/A,PropertyPro
Nairobi,Apartment,4,4,N/A,None,44000000,N/A,PropertyPro
Kilimani,Apartment,3,3,N/A,None,33000000,N/A,PropertyPro
Nairobi,Apartment,3,3,N/A,None,33000000,N/A,PropertyPro
Westlands,Land,3,3,N/A,None,24610000,N/A,PropertyPro
Nairobi,Apartment,3,3,N/A,None,24610000,N/A,PropertyPro
Runda,Land,N/A,N/A,4046.9,None,130000000,N/A,PropertyPro
Nairobi,Apartment,N/A,N/A,N/A,None,130000000,N/A,PropertyPro
Lavington,Townhouse,4,4,N/A,Garden,85000000,N/A,PropertyPro
Nairobi,Apartment,4,4,N/A,None,85000000,N/A,PropertyPro
Riverside,Apartment,3,3,N/A,SQ,38000000,N/A,PropertyPro
Nairobi,Apartment,3,3,N/A,None,38000000,N/A,PropertyPro
South C,Apartment,2,2,N/A,None,11000000,N/A,PropertyPro
Nairobi,Apartment,2,2,N/A,None,11000000,N/A,PropertyPro
Karen,Land,N/A,N/A,8093.7,None,45000000,N/A,PropertyPro
Nairobi,Apartment,N/A,N/A,N/A,None,45000000,N/A,PropertyPro
Karen,Land,N/A,N/A,4046.9,None,100000000,N/A,PropertyPro
Industrial Area,Townhouse,1,5,4046.9,"Garden, Parking, Borehole, Lift, Balcony, CCTV, Generator, SQ",2025000000,N/A,PropertyPro
Nairobi,Apartment,N/A,N/A,N/A,None,14020169,N/A,PropertyPro
Nairobi,Apartment,N/A,N/A,N/A,None,14020169,N/A,PropertyPro
Nairobi,Apartment,N/A,N/A,N/A,None,1000000000,N/A,PropertyPro
Nairobi,Apartment,N/A,N/A,N/A,None,500000,N/A,PropertyPro
Nairobi,Apartment,N/A,N/A,N/A,None,14020169,N/A,PropertyPro
Industrial Area,Commercial,N/A,N/A,N/A,"Garden, Gate",N/A,N/A,PropertyPro
Kitisuru,Maisonette,5,5,N/A,None,185000000,N/A,PropertyPro
Nairobi,Apartment,5,5,N/A,None,185000000,N/A,PropertyPro
Lavington,Apartment,5,5,N/A,None,41000000,N/A,PropertyPro
Nairobi,Apartment,5,5,N/A,None,41000000,N/A,PropertyPro
Westlands,Townhouse,4,4,N/A,"Swimming Pool, Garden",85000000,N/A,PropertyPro
Lavington,Apartment,3,N/A,N/A,None,15500000,N/A,PropertyPro
Nairobi,Apartment,N/A,N/A,N/A,None,15500000,N/A,PropertyPro
Industrial Area,Townhouse,1,5,56,"Swimming Pool, Gym, Garden, Lift, Balcony, CCTV, SQ",17000000,N/A,PropertyPro
Kilimani,Apartment,3,N/A,N/A,None,10000000,N/A,PropertyPro
Nairobi,Apartment,N/A,N/A,N/A,None,10000000,N/A,PropertyPro
Kilimani,House,4,N/A,N/A,None,35000000,N/A,PropertyPro
Nairobi,Apartment,N/A,N/A,N/A,None,35000000,N/A,PropertyPro
Lavington,Apartment,1,N/A,56,SQ,6300000,N/A,PropertyPro
Nairobi,Apartment,N/A,N/A,N/A,None,6300000,N/A,PropertyPro
Lavington,Apartment,1,N/A,50,SQ,5800000,N/A,PropertyPro
Nairobi,Apartment,N/A,N/A,N/A,None,5800000,N/A,PropertyPro
Lavington,Apartment,2,N/A,N/A,None,12000000,N/A,PropertyPro
Nairobi,Apartment,N/A,N/A,N/A,None,12000000,N/A,PropertyPro
Kilimani,Apartment,3,N/A,N/A,None,10500000,N/A,PropertyPro
Nairobi,Apartment,N/A,N/A,N/A,None,10500000,N/A,PropertyPro
Kilimani,Apartment,2,N/A,N/A,None,15000000,N/A,PropertyPro
Nairobi,Apartment,N/A,N/A,N/A,None,15000000,N/A,PropertyPro
Kilimani,Apartment,4,3,N/A,None,34500000,N/A,PropertyPro
Nairobi,Apartment,3,3,N/A,None,34500000,N/A,PropertyPro
Upper Hill,Apartment,2,1,N/A,None,24232000,N/A,PropertyPro
Nairobi,Apartment,1,1,N/A,None,24232000,N/A,PropertyPro
Lavington,Townhouse,5,5,N/A,Garden,110000000,N/A,PropertyPro
Nairobi,Apartment,5,5,N/A,None,110000000,N/A,PropertyPro
Westlands,Land,2,N/A,N/A,None,9300000,N/A,PropertyPro
Nairobi,Apartment,N/A,N/A,N/A,None,9300000,N/A,PropertyPro
Kileleshwa,Apartment,3,N/A,N/A,None,20000000,N/A,PropertyPro
Nairobi,Apartment,N/A,N/A,N/A,None,20000000,N/A,PropertyPro
Riverside,Apartment,3,N/A,N/A,None,16500000,N/A,PropertyPro
Nairobi,Apartment,N/A,N/A,N/A,None,16500000,N/A,PropertyPro
Riverside,Apartment,2,N/A,N/A,None,13500000,N/A,PropertyPro
Nairobi,Apartment,N/A,N/A,N/A,None,13500000,N/A,PropertyPro
Kileleshwa,Apartment,2,N/A,N/A,None,16000000,N/A,PropertyPro
Nairobi,Apartment,N/A,N/A,N/A,None,16000000,N/A,PropertyPro
Kilimani,House,4,N/A,N/A,None,45000000,N/A,PropertyPro
Industrial Area,Townhouse,1,5,56,"Swimming Pool, Gym, Garden, Lift, Balcony, CCTV, SQ",17000000,N/A,PropertyPro
Lavington,House,3,N/A,N/A,None,35000000,N/A,PropertyPro
Kileleshwa,Apartment,4,N/A,N/A,None,25000000,N/A,PropertyPro
Nairobi,Apartment,N/A,N/A,N/A,None,25000000,N/A,PropertyPro
Kileleshwa,Apartment,3,N/A,N/A,None,19900000,N/A,PropertyPro
Nairobi,Apartment,N/A,N/A,N/A,None,19900000,N/A,PropertyPro
Lavington,House,7,N/A,N/A,None,105000000,N/A,PropertyPro
Nairobi,Apartment,N/A,N/A,N/A,None,105000000,N/A,PropertyPro
Industrial Area,Townhouse,1,4,142,"Garden, Parking, Balcony, Generator, SQ",2026000000,N/A,PropertyPro
Lavington,Apartment,3,N/A,N/A,None,27000000,N/A,PropertyPro
Nairobi,Apartment,N/A,N/A,N/A,None,27000000,N/A,PropertyPro
Kileleshwa,Apartment,2,N/A,N/A,None,7500000,N/A,PropertyPro
Nairobi,Apartment,N/A,N/A,N/A,None,7500000,N/A,PropertyPro
Kitisuru,House,4,N/A,N/A,None,130000000,N/A,PropertyPro
Lavington,Apartment,4,N/A,N/A,None,21000000,N/A,PropertyPro
Nairobi,Apartment,N/A,N/A,N/A,None,21000000,N/A,PropertyPro
Kilimani,Apartment,2,N/A,N/A,None,7800000,N/A,PropertyPro
Nairobi,Apartment,N/A,N/A,N/A,None,7800000,N/A,PropertyPro
Kilimani,Apartment,3,N/A,N/A,None,9700000,N/A,PropertyPro
Nairobi,Apartment,N/A,N/A,N/A,None,9700000,N/A,PropertyPro
Kilimani,Apartment,3,N/A,N/A,None,14950000,N/A,PropertyPro
Nairobi,Apartment,N/A,N/A,N/A,None,14950000,N/A,PropertyPro
Kilimani,Apartment,3,N/A,142,SQ,14000000,N/A,PropertyPro
Nairobi,Apartment,N/A,N/A,N/A,None,14000000,N/A,PropertyPro
Kilimani,Apartment,2,N/A,124,SQ,12500000,N/A,PropertyPro
Nairobi,Apartment,N/A,N/A,N/A,None,12500000,N/A,PropertyPro
Kilimani,Apartment,2,N/A,112,SQ,11500000,N/A,PropertyPro
Nairobi,Apartment,N/A,N/A,N/A,None,11500000,N/A,PropertyPro
Kilimani,Apartment,2,N/A,86,SQ,9500000,N/A,PropertyPro
Nairobi,Apartment,N/A,N/A,N/A,None,9500000,N/A,PropertyPro
Kilimani,Apartment,1,N/A,64,SQ,7500000,N/A,PropertyPro
Loresho,Villa,4,N/A,N/A,None,35000000,N/A,PropertyPro
Kitisuru,Villa,5,5,N/A,None,125000000,N/A,PropertyPro
Nairobi,Apartment,5,5,N/A,None,125000000,N/A,PropertyPro
Kitisuru,Maisonette,5,5,N/A,None,60000000,N/A,PropertyPro
Nairobi,Apartment,5,5,N/A,None,60000000,N/A,PropertyPro
Industrial Area,Townhouse,1,4,142,"Garden, Parking, Balcony, Generator, SQ",2026000000,N/A,PropertyPro
Kitisuru,Villa,5,5,N/A,None,245000000,N/A,PropertyPro
Lavington,Apartment,4,N/A,N/A,None,30000000,N/A,PropertyPro
Nairobi,Apartment,N/A,N/A,N/A,None,30000000,N/A,PropertyPro
Industrial Area,Townhouse,1,5,100,"Garden, Parking, Balcony, CCTV, Generator, SQ",2026000000,N/A,PropertyPro
Kilimani,Apartment,2,N/A,N/A,None,18500000,N/A,PropertyPro
Nairobi,Apartment,N/A,N/A,N/A,None,18500000,N/A,PropertyPro
Kilimani,Apartment,1,N/A,N/A,None,5000000,N/A,PropertyPro
Nairobi,Apartment,N/A,N/A,N/A,None,5000000,N/A,PropertyPro
Kilimani,Apartment,2,N/A,100,SQ,9500000,N/A,PropertyPro
Kilimani,Apartment,2,N/A,70,SQ,7500000,N/A,PropertyPro
Kilimani,Apartment,3,N/A,N/A,None,13500000,N/A,PropertyPro
Kitisuru,Apartment,2,2,N/A,None,12000000,N/A,PropertyPro
Kilimani,Studio,N/A,N/A,40,SQ,3500000,N/A,PropertyPro
Nairobi,Apartment,N/A,N/A,N/A,None,3500000,N/A,PropertyPro
Kilimani,Apartment,1,N/A,60,SQ,5500000,N/A,PropertyPro
Nairobi,Apartment,N/A,N/A,N/A,None,5500000,N/A,PropertyPro
Kitisuru,Apartment,3,3,N/A,None,15000000,N/A,PropertyPro
Kilimani,Apartment,1,N/A,70,SQ,5800000,N/A,PropertyPro
Kilimani,Apartment,2,N/A,107,SQ,8000000,N/A,PropertyPro
Nairobi,Apartment,N/A,N/A,N/A,None,8000000,N/A,PropertyPro
Kilimani,Apartment,3,N/A,115,SQ,9800000,N/A,PropertyPro
Nairobi,Apartment,N/A,N/A,N/A,None,9800000,N/A,PropertyPro
Kilimani,Apartment,3,N/A,N/A,None,13000000,N/A,PropertyPro
Nairobi,Apartment,N/A,N/A,N/A,None,13000000,N/A,PropertyPro
Kileleshwa,Apartment,3,N/A,N/A,None,10500000,N/A,PropertyPro
Kitisuru,Apartment,1,1,N/A,None,5550000,N/A,PropertyPro
Nairobi,Apartment,1,1,N/A,None,5550000,N/A,PropertyPro
Kileleshwa,Apartment,3,N/A,N/A,None,14500000,N/A,PropertyPro
Nairobi,Apartment,N/A,N/A,N/A,None,14500000,N/A,PropertyPro
Kitisuru,Apartment,2,2,N/A,None,11000000,N/A,PropertyPro
Lavington,House,5,N/A,N/A,None,75000000,N/A,PropertyPro
Nairobi,Apartment,N/A,N/A,N/A,None,75000000,N/A,PropertyPro
Lavington,Apartment,3,N/A,N/A,None,25000000,N/A,PropertyPro
Kilimani,Apartment,1,N/A,N/A,None,7000000,N/A,PropertyPro
Nairobi,Apartment,N/A,N/A,N/A,None,7000000,N/A,PropertyPro
Lavington,Apartment,2,N/A,N/A,None,9000000,N/A,PropertyPro
Nairobi,Apartment,N/A,N/A,N/A,None,9000000,N/A,PropertyPro
Lavington,Land,N/A,N/A,N/A,None,180000000,N/A,PropertyPro
Nairobi,Apartment,N/A,N/A,N/A,None,180000000,N/A,PropertyPro
Ngong,House,4,N/A,N/A,None,20000000,N/A,PropertyPro
Lavington,Apartment,3,N/A,N/A,None,17500000,N/A,PropertyPro
Nairobi,Apartment,N/A,N/A,N/A,None,17500000,N/A,PropertyPro
Kileleshwa,Apartment,3,N/A,N/A,None,16500000,N/A,PropertyPro
Kilimani,Apartment,3,N/A,N/A,None,22000000,N/A,PropertyPro
Nairobi,Apartment,N/A,N/A,N/A,None,22000000,N/A,PropertyPro
Kileleshwa,Apartment,2,N/A,N/A,None,15500000,N/A,PropertyPro
Parklands,Land,4,N/A,N/A,None,43000000,N/A,PropertyPro
Nairobi,Apartment,N/A,N/A,N/A,None,43000000,N/A,PropertyPro
Nairobi,House,4,N/A,N/A,None,80000000,N/A,PropertyPro
Nairobi,Apartment,N/A,N/A,N/A,None,80000000,N/A,PropertyPro
Loresho,House,4,N/A,N/A,None,39000000,N/A,PropertyPro
Nairobi,Apartment,N/A,N/A,N/A,None,39000000,N/A,PropertyPro
Kileleshwa,Apartment,3,N/A,140,SQ,13500000,N/A,PropertyPro
Kileleshwa,Apartment,3,N/A,130,SQ,11000000,N/A,PropertyPro
Kitisuru,Apartment,1,1,N/A,None,3600000,N/A,PropertyPro
Nairobi,Apartment,1,1,N/A,None,3600000,N/A,PropertyPro
Lavington,Apartment,3,N/A,N/A,None,18000000,N/A,PropertyPro
Nairobi,Apartment,N/A,N/A,N/A,None,18000000,N/A,PropertyPro
Kitisuru,Apartment,2,2,N/A,None,9500000,N/A,PropertyPro
Kitisuru,Apartment,1,1,N/A,None,4200000,N/A,PropertyPro
Nairobi,Apartment,1,1,N/A,None,4200000,N/A,PropertyPro
Kitisuru,Apartment,1,1,N/A,None,6500000,N/A,PropertyPro
Nairobi,Apartment,1,1,N/A,None,6500000,N/A,PropertyPro
Kitisuru,Apartment,1,1,N/A,None,5000000,N/A,PropertyPro
Kilimani,Apartment,2,2,N/A,None,8400000,N/A,PropertyPro
Nairobi,Apartment,2,2,N/A,None,8400000,N/A,PropertyPro
Lavington,Apartment,2,1,N/A,None,6500000,N/A,PropertyPro
Lavington,Apartment,2,2,N/A,None,11500000,N/A,PropertyPro
Karen,Land,N/A,N/A,4046.9,None,60000000,N/A,PropertyPro
Karen,Land,N/A,N/A,8093.7,None,30000000,N/A,PropertyPro
Karen,Land,N/A,N/A,8093.7,None,32000000,N/A,PropertyPro
Nairobi,Apartment,N/A,N/A,N/A,None,32000000,N/A,PropertyPro
Karen,Land,N/A,N/A,8093.7,None,28000000,N/A,PropertyPro
Nairobi,Apartment,N/A,N/A,N/A,None,28000000,N/A,PropertyPro
Karen,Land,N/A,N/A,8093.7,None,27000000,N/A,PropertyPro
Kitisuru,Apartment,2,2,N/A,None,8500000,N/A,PropertyPro
Nairobi,Apartment,2,2,N/A,None,8500000,N/A,PropertyPro
Lavington,Apartment,3,N/A,N/A,None,22000000,N/A,PropertyPro
Mountain View,House,4,N/A,N/A,None,26000000,N/A,PropertyPro
Nairobi,Apartment,N/A,N/A,N/A,None,26000000,N/A,PropertyPro
Lavington,Apartment,4,4,N/A,SQ,24000000,N/A,PropertyPro
Nairobi,Apartment,4,4,N/A,None,24000000,N/A,PropertyPro
Kitisuru,Apartment,2,2,N/A,None,12500000,N/A,PropertyPro
Kilimani,Apartment,3,N/A,N/A,None,16500000,N/A,PropertyPro
Kilimani,Apartment,2,N/A,N/A,None,14000000,N/A,PropertyPro
Kileleshwa,Apartment,4,N/A,211,SQ,23000000,N/A,PropertyPro
Nairobi,Apartment,N/A,N/A,N/A,None,23000000,N/A,PropertyPro
Kileleshwa,Apartment,3,N/A,179,SQ,17000000,N/A,PropertyPro
Nairobi,Apartment,N/A,N/A,N/A,None,17000000,N/A,PropertyPro
Kileleshwa,Apartment,3,N/A,N/A,None,23000000,N/A,PropertyPro
Runda,House,5,N/A,N/A,None,120000000,N/A,PropertyPro
Lavington,Apartment,3,3,N/A,None,23000000,N/A,PropertyPro
Runda,House,5,N/A,N/A,None,130000000,N/A,PropertyPro
Kilimani,Apartment,2,N/A,N/A,None,8000000,N/A,PropertyPro
Kileleshwa,Apartment,3,N/A,N/A,None,21500000,N/A,PropertyPro
Nairobi,Apartment,N/A,N/A,N/A,None,21500000,N/A,PropertyPro
Kileleshwa,Apartment,2,N/A,N/A,None,14500000,N/A,PropertyPro
Kilimani,Apartment,2,N/A,N/A,None,15500000,N/A,PropertyPro
Runda,House,4,N/A,N/A,None,80000000,N/A,PropertyPro
Ruaka,House,4,N/A,N/A,None,55000000,N/A,PropertyPro
Nairobi,Townhouse,1,1,61,"Swimming Pool, Gym, Garden, Parking, Security, Borehole, Lift, En Suite, Balcony, CCTV, Generator, Fibre, Wi-Fi, Servant Quarter, SQ, Clubhouse, Playground, Gate, Intercom, Rooftop, Concierge, Jacuzzi, Store, Electric Fence",N/A,N/A,KenyaPropertyCentre
Lavington,House,1,1,61,"Swimming Pool, Gym, Garden, Parking, SQ, Rooftop, Concierge, Store",N/A,N/A,KenyaPropertyCentre
Kiambu,Commercial,N/A,N/A,15,"Gym, Parking, Security, SQ, Gate",N/A,N/A,KenyaPropertyCentre
Kilimani,Commercial,1,N/A,N/A,"Gym, Parking, Security, Lift, Rooftop",N/A,N/A,KenyaPropertyCentre
Nairobi,Commercial,N/A,N/A,10,"Garden, Security, SQ",N/A,N/A,KenyaPropertyCentre
Kileleshwa,Apartment,4,4,250,"Parking, Borehole, Lift, Balcony, Generator, SQ, Jacuzzi",N/A,N/A,KenyaPropertyCentre
Kileleshwa,Townhouse,5,5,N/A,"Parking, SQ",N/A,N/A,KenyaPropertyCentre
Lavington,House,3,4,N/A,"Swimming Pool, Gym, Parking, SQ",N/A,N/A,KenyaPropertyCentre
Parklands,Land,4,3,N/A,"Swimming Pool, Gym, Parking, Security, CCTV, Generator, Intercom, Rooftop, Lift",N/A,N/A,KenyaPropertyCentre
Parklands,Commercial,N/A,N/A,15,"Security, SQ",N/A,N/A,KenyaPropertyCentre
Westlands,Commercial,N/A,N/A,8,"Security, SQ",N/A,N/A,KenyaPropertyCentre
Westlands,Commercial,2,2,N/A,"Gym, Parking, Security, Borehole, Generator, Intercom",N/A,N/A,KenyaPropertyCentre
Westlands,Commercial,3,3,N/A,"Swimming Pool, Gym, Parking, Security, Borehole, Lift, En Suite, Balcony, CCTV, Generator, Fibre, Electric Fence",N/A,N/A,KenyaPropertyCentre
Westlands,Commercial,1,N/A,N/A,"Gym, Parking, Security, Balcony, Rooftop",N/A,N/A,KenyaPropertyCentre
Westlands,Townhouse,5,5,N/A,"Parking, Security, Servant Quarter, SQ, Gate",N/A,N/A,KenyaPropertyCentre
Westlands,Commercial,N/A,N/A,10,"Security, SQ",N/A,N/A,KenyaPropertyCentre
Westlands,Villa,N/A,N/A,30,"Security, SQ",N/A,N/A,KenyaPropertyCentre
Westlands,Commercial,N/A,N/A,10,"Security, Wi-Fi, SQ",N/A,N/A,KenyaPropertyCentre
Westlands,Villa,4,4,N/A,"Swimming Pool, Gym, Garden, Parking, Borehole, Balcony, CCTV, Generator, SQ, Clubhouse, Playground, Gate",N/A,N/A,KenyaPropertyCentre
Nairobi,Commercial,N/A,N/A,20,"Parking, Security, SQ",N/A,N/A,KenyaPropertyCentre
Nairobi,Commercial,1,N/A,N/A,None,1000000,N/A,KenyaPropertyCentre
Nairobi,Townhouse,1,1,61,"Swimming Pool, Gym, Garden, Parking, Security, Borehole, Lift, Balcony, CCTV, Generator, Solar, SQ, Clubhouse, Gate, Intercom, Rooftop, Concierge, Store, Laundry, Electric Fence",N/A,N/A,KenyaPropertyCentre
Ngong,Townhouse,3,3,215,"Garden, Parking, Solar, SQ, Gate, Laundry",N/A,N/A,KenyaPropertyCentre
Kiambu,Commercial,N/A,N/A,10,"Gym, Parking, Security, SQ, Gate",N/A,N/A,KenyaPropertyCentre
Kiambu,Commercial,N/A,N/A,20,"Gym, Parking, Security, SQ, Gate",N/A,N/A,KenyaPropertyCentre
Karen,Townhouse,5,5,N/A,"Swimming Pool, Gym, Garden, Parking, Balcony, CCTV, SQ, Laundry",N/A,N/A,KenyaPropertyCentre
Karen,Townhouse,5,5,450,"Swimming Pool, Garden, Parking, Security, Generator, Solar, SQ, Gate, Intercom, Laundry, Electric Fence",N/A,N/A,KenyaPropertyCentre
Kilimani,Commercial,3,3,N/A,"Gym, Garden, Security, Lift, Balcony, Clubhouse, Laundry",N/A,N/A,KenyaPropertyCentre
Kilimani,Commercial,2,2,N/A,"Swimming Pool, Gym, Garden, Parking, Security, Balcony, Clubhouse, Laundry, Lift",N/A,N/A,KenyaPropertyCentre
Kilimani,Commercial,1,1,N/A,"Gym, Parking, Security, Lift, Rooftop",N/A,N/A,KenyaPropertyCentre
Kileleshwa,Apartment,2,2,150,"Swimming Pool, Gym, Parking, Lift, Balcony, SQ, Laundry",N/A,N/A,KenyaPropertyCentre
Parklands,Commercial,N/A,N/A,15,"Security, SQ",N/A,N/A,KenyaPropertyCentre
Parklands,Commercial,N/A,N/A,10,"Security, SQ",N/A,N/A,KenyaPropertyCentre
Nairobi,Commercial,N/A,N/A,30,"Parking, Security, SQ",N/A,N/A,KenyaPropertyCentre
Westlands,Commercial,N/A,N/A,20,"Security, SQ",N/A,N/A,KenyaPropertyCentre
Westlands,Land,2,1,80,"Swimming Pool, Gym, Parking, Security, Lift, Balcony, CCTV, SQ, Intercom",N/A,N/A,KenyaPropertyCentre
Nairobi CBD,Commercial,3,2,N/A,"Swimming Pool, Gym, Parking, Security, Borehole, CCTV, Generator, SQ, Intercom, Lift",N/A,N/A,KenyaPropertyCentre
Nairobi CBD,Commercial,2,2,N/A,"Swimming Pool, Gym, Parking, Security, Borehole, CCTV, Generator, SQ, Intercom, Lift",N/A,N/A,KenyaPropertyCentre
Westlands,Commercial,N/A,N/A,30,"Security, SQ",N/A,N/A,KenyaPropertyCentre
Nairobi CBD,Land,2,2,N/A,"Swimming Pool, Gym, Parking, Security, Borehole, Lift, CCTV, Generator, SQ, Clubhouse, Intercom",N/A,N/A,KenyaPropertyCentre
Ngong Road,Commercial,4,4,246,"Swimming Pool, Gym, Parking, Security, Borehole, Lift, Balcony, CCTV, Generator, SQ, Intercom",N/A,N/A,KenyaPropertyCentre
Kileleshwa,Land,3,3,N/A,"Swimming Pool, Gym, Garden, Parking, Security, Lift, Balcony, Laundry",N/A,N/A,KenyaPropertyCentre
Kileleshwa,House,3,3,N/A,"Swimming Pool, Parking, Lift, Balcony, SQ",N/A,N/A,KenyaPropertyCentre
Kileleshwa,House,4,4,N/A,"Parking, Borehole, Generator, SQ",N/A,N/A,KenyaPropertyCentre
Kileleshwa,Commercial,3,3,N/A,"Parking, Security, Balcony, SQ",N/A,N/A,KenyaPropertyCentre
Westlands,Townhouse,5,5,N/A,"Parking, Security, Balcony, CCTV, Gate, Laundry",N/A,N/A,KenyaPropertyCentre
Lavington,Townhouse,5,6,N/A,"Garden, Parking, Security, Balcony",N/A,N/A,KenyaPropertyCentre
Lavington,Townhouse,5,5,N/A,"Garden, Parking, SQ",N/A,N/A,KenyaPropertyCentre
Valley Arcade,Townhouse,5,5,N/A,"Garden, Parking, Security, Balcony, SQ, Store",N/A,N/A,KenyaPropertyCentre
Nairobi West,Townhouse,4,4,2650,"Swimming Pool, Gym, Parking, Security, Borehole, Balcony, CCTV, Generator, Solar, SQ, Clubhouse, Intercom, Laundry",N/A,N/A,KenyaPropertyCentre
Parklands,Land,4,3,N/A,"Swimming Pool, Gym, Parking, Security, Borehole, Lift, CCTV, Generator, Gate, Rooftop",N/A,N/A,KenyaPropertyCentre
Westlands,Villa,N/A,N/A,20,"Security, SQ",N/A,N/A,KenyaPropertyCentre
Westlands,Commercial,N/A,N/A,8,"Security, SQ",N/A,N/A,KenyaPropertyCentre
Westlands,Commercial,N/A,N/A,15,"Security, SQ",N/A,N/A,KenyaPropertyCentre
Nairobi CBD,Commercial,1,1,N/A,"Gym, Parking, Borehole, Balcony, Generator, Intercom",N/A,N/A,KenyaPropertyCentre
Westlands,Commercial,3,3,N/A,"Swimming Pool, Gym, Garden, Parking, Security, Lift, Balcony, CCTV, Generator, Gate, Laundry",N/A,N/A,KenyaPropertyCentre
Westlands,Commercial,4,4,N/A,"Swimming Pool, Gym, Parking, Security, Borehole, Lift, Balcony, CCTV, Generator, Gate, Sauna, Laundry",N/A,N/A,KenyaPropertyCentre
Westlands,Commercial,N/A,N/A,20,"Security, Wi-Fi, SQ",N/A,N/A,KenyaPropertyCentre
Karen,Villa,5,10,N/A,"Garden, Parking",N/A,N/A,KenyaPropertyCentre
Kilimani,Studio,1,1,N/A,"Gym, Parking, Lift",N/A,N/A,KenyaPropertyCentre
Kilimani,Villa,2,2,N/A,"Swimming Pool, Gym, Garden, Parking",N/A,N/A,KenyaPropertyCentre
Kilimani,Villa,1,1,N/A,"Swimming Pool, Gym, Garden, Parking",N/A,N/A,KenyaPropertyCentre
Kilimani,House,2,3,N/A,"Gym, Parking, Lift, Generator",N/A,N/A,KenyaPropertyCentre
Kilimani,House,1,1,N/A,Parking,N/A,N/A,KenyaPropertyCentre
Kilimani,House,3,N/A,130,"Parking, SQ",N/A,N/A,KenyaPropertyCentre
Kilimani,Commercial,N/A,N/A,20,"Security, SQ",N/A,N/A,KenyaPropertyCentre
Kilimani,Commercial,N/A,N/A,10,"Security, SQ",N/A,N/A,KenyaPropertyCentre
Kileleshwa,Apartment,3,3,N/A,"Swimming Pool, Gym, Parking, Borehole",N/A,N/A,KenyaPropertyCentre
Kileleshwa,House,2,2,N/A,"Swimming Pool, Gym, Parking, Security, Borehole, CCTV, Generator, SQ, Clubhouse, Intercom, Electric Fence",N/A,N/A,KenyaPropertyCentre
Kileleshwa,Commercial,3,3,N/A,"Gym, Garden, Parking, Security, Lift, Balcony, CCTV, SQ",N/A,N/A,KenyaPropertyCentre
Nairobi CBD,House,2,2,N/A,"Parking, SQ",N/A,N/A,KenyaPropertyCentre
Membley,Commercial,N/A,N/A,32374.9,Gate,N/A,N/A,KenyaPropertyCentre
Karen,Bungalow,1,2,N/A,Parking,N/A,N/A,KenyaPropertyCentre
Karen,Bungalow,2,2,N/A,"Parking, En Suite, Gate, Laundry",N/A,N/A,KenyaPropertyCentre
Karen,Townhouse,5,5,N/A,"Parking, En Suite, Gate, Laundry",N/A,N/A,KenyaPropertyCentre
Kilimani,Villa,2,1,N/A,"Swimming Pool, Gym, Parking, Borehole, Balcony, Generator, Laundry",N/A,N/A,KenyaPropertyCentre
Kilimani,Villa,1,2,N/A,"Gym, Garden, Parking, Lift",N/A,N/A,KenyaPropertyCentre
Kilimani,Villa,3,2,N/A,"Swimming Pool, Parking",N/A,N/A,KenyaPropertyCentre
Kilimani,Apartment,1,1,N/A,"Swimming Pool, Gym, Parking",N/A,N/A,KenyaPropertyCentre
Ruaraka,Commercial,N/A,N/A,1486,"Parking, Security, Borehole, Lift, CCTV, SQ",N/A,N/A,KenyaPropertyCentre
Kasarani,Bungalow,3,2,32374.9,"Parking, SQ, Gate",N/A,N/A,KenyaPropertyCentre
Kileleshwa,Villa,2,2,N/A,"Parking, Laundry",N/A,N/A,KenyaPropertyCentre
Kileleshwa,Studio,1,1,N/A,"Gym, Parking, Security, Borehole, Lift, CCTV, Generator",N/A,N/A,KenyaPropertyCentre
Kileleshwa,Townhouse,5,6,N/A,"Parking, Balcony",N/A,N/A,KenyaPropertyCentre
Lavington,Commercial,2,2,N/A,"Garden, Parking",N/A,N/A,KenyaPropertyCentre
Westlands,Studio,2,2,68,"Swimming Pool, Parking, Borehole, Lift, CCTV, SQ, Store",N/A,N/A,KenyaPropertyCentre
Nairobi,Villa,3,N/A,N/A,"Swimming Pool, Parking, Security",N/A,N/A,KenyaPropertyCentre
Nairobi,Commercial,N/A,N/A,N/A,None,N/A,N/A,KenyaPropertyCentre
Syokimau,House,3,3,N/A,"Parking, Laundry",N/A,N/A,KenyaPropertyCentre
Thika,Commercial,N/A,N/A,20234,"SQ, Gate",N/A,N/A,KenyaPropertyCentre
Muthaiga,House,3,2,N/A,"Swimming Pool, Gym, Garden, Parking, Security, Generator, Jacuzzi",N/A,N/A,KenyaPropertyCentre
Membley,Townhouse,4,5,32374.9,"Parking, Gate, Rooftop, Laundry",N/A,N/A,KenyaPropertyCentre
Industrial Area,Commercial,N/A,2,464.5,"Borehole, SQ",N/A,N/A,KenyaPropertyCentre
Nairobi CBD,Bungalow,3,2,N/A,"Garden, Parking, Security, Gate",N/A,N/A,KenyaPropertyCentre
Karen,Townhouse,5,N/A,N/A,"Swimming Pool, Garden, Parking, Security, Borehole, Balcony, Clubhouse, Gate, Sauna",N/A,N/A,KenyaPropertyCentre
Langata,Villa,5,5,N/A,"Swimming Pool, Gym, Garden, Parking, Solar, Clubhouse, Sauna",N/A,N/A,KenyaPropertyCentre
Kilimani,Commercial,3,3,205,"Swimming Pool, Gym, Parking, Security, Lift, SQ, Rooftop",N/A,N/A,KenyaPropertyCentre
Kileleshwa,Apartment,2,2,N/A,Parking,N/A,N/A,KenyaPropertyCentre
Parklands,Land,4,4,N/A,"Swimming Pool, Gym, Garden, Parking, Borehole, En Suite, Balcony, Generator, Solar, SQ, Rooftop, Laundry, Lift",N/A,N/A,KenyaPropertyCentre
Westlands,Land,N/A,N/A,N/A,None,N/A,N/A,KenyaPropertyCentre
Westlands,Villa,5,5,N/A,"Gym, Garden, Parking, Security, Balcony, CCTV, SQ, Intercom, Sauna, Electric Fence",N/A,N/A,KenyaPropertyCentre
Westlands,Land,1,1,N/A,"Swimming Pool, Gym, Parking, Security, Lift, CCTV, Rooftop",N/A,N/A,KenyaPropertyCentre
Westlands,Commercial,3,3,223.0,"Swimming Pool, Gym, Parking, Security, Borehole, Balcony, Generator, Solar, SQ, Gate, Intercom, Rooftop, Laundry",N/A,N/A,KenyaPropertyCentre
Westlands,Villa,6,6,2023.4,"Swimming Pool, Garden, Parking, Security, Borehole, CCTV, Generator, Fibre, Servant Quarter, SQ, Gate, Lift",N/A,N/A,KenyaPropertyCentre
Westlands,Townhouse,4,4,N/A,Parking,N/A,N/A,KenyaPropertyCentre
Westlands,Studio,1,1,68,"Swimming Pool, Parking, Borehole, Lift, CCTV, SQ, Store",N/A,N/A,KenyaPropertyCentre
Nairobi,Land,N/A,N/A,N/A,None,N/A,N/A,KenyaPropertyCentre
Nairobi,Townhouse,4,44,32374.9,"Parking, Generator",N/A,N/A,KenyaPropertyCentre
Nairobi,Townhouse,6,6,4046.9,Parking,N/A,N/A,KenyaPropertyCentre
Nairobi,Townhouse,5,5,N/A,Parking,N/A,N/A,KenyaPropertyCentre
Spring Valley,Commercial,N/A,2,260,"Garden, Parking, Security, Generator, SQ",N/A,N/A,KenyaPropertyCentre
Thika Road,Maisonette,4,5,N/A,"Parking, CCTV, SQ, Gate, Rooftop",N/A,N/A,KenyaPropertyCentre
Karen,Commercial,4,5,N/A,"Swimming Pool, Parking, Security, SQ, Gate",N/A,N/A,KenyaPropertyCentre
Karen,Land,4,5,N/A,"Parking, SQ",N/A,N/A,KenyaPropertyCentre
Karen,Land,4,5,N/A,"Garden, Parking, SQ, Gate",N/A,N/A,KenyaPropertyCentre
Karen,Land,4,5,N/A,"Garden, Parking, SQ",N/A,N/A,KenyaPropertyCentre
Kileleshwa,Townhouse,4,4,N/A,"Parking, Security, SQ, Gate, Laundry",N/A,N/A,KenyaPropertyCentre
Lavington,Townhouse,5,5,N/A,"Parking, Balcony, Servant Quarter, SQ",N/A,N/A,KenyaPropertyCentre
Valley Arcade,Commercial,2,2,N/A,"Gym, Garden, Parking, Borehole, Lift, Generator, Rooftop",N/A,N/A,KenyaPropertyCentre
Valley Arcade,Apartment,2,2,N/A,"Gym, Garden, Parking, Borehole, Lift, Generator, Rooftop",N/A,N/A,KenyaPropertyCentre
Westlands,Land,4,5,N/A,"Parking, SQ, Gate",N/A,N/A,KenyaPropertyCentre
Mountain View,Townhouse,4,3,N/A,"Parking, SQ",N/A,N/A,KenyaPropertyCentre
Athi River,Commercial,N/A,N/A,80937,SQ,N/A,N/A,KenyaPropertyCentre
Nairobi,Land,N/A,N/A,20234.3,None,N/A,N/A,KenyaPropertyCentre
Kitengela,Bungalow,3,4,464,"Garden, SQ, Gate",N/A,N/A,KenyaPropertyCentre
Kitengela,Bungalow,3,3,456,"Garden, Parking, SQ, Gate",N/A,N/A,KenyaPropertyCentre
Ngong,Maisonette,3,3,215,"Garden, Parking, Solar, SQ, Gate, Laundry",N/A,N/A,KenyaPropertyCentre
Ngong,Bungalow,3,2,N/A,"Garden, Parking, Security, SQ, Gate",N/A,N/A,KenyaPropertyCentre
Thika Road,Villa,4,5,N/A,"SQ, Gate",N/A,N/A,KenyaPropertyCentre
Karen,Land,4,5,2024,"Garden, SQ, Gate",N/A,N/A,KenyaPropertyCentre
Karen,Commercial,3,4,2024,"Garden, Parking, En Suite, Solar, SQ, Sauna",N/A,N/A,KenyaPropertyCentre
Kilimani,Commercial,1,1,N/A,"Swimming Pool, Gym, Parking, Security, Borehole, Lift, CCTV, Generator, Clubhouse",N/A,N/A,KenyaPropertyCentre
Kileleshwa,Villa,2,1,N/A,"Swimming Pool, Parking, Balcony, Clubhouse",N/A,N/A,KenyaPropertyCentre
Lavington,House,3,4,N/A,"Swimming Pool, Parking, Security, Balcony, Generator, SQ, Gate, Lift",N/A,N/A,KenyaPropertyCentre
Nairobi CBD,House,2,2,N/A,"Parking, Security, Borehole, Balcony, Generator, Gate, Lift",N/A,N/A,KenyaPropertyCentre
Lavington,Apartment,2,N/A,N/A,"Swimming Pool, Gym, Parking, Borehole, CCTV, Laundry, Electric Fence",N/A,N/A,KenyaPropertyCentre
Westlands,Land,4,4,N/A,"Gym, Parking, Security, Lift, Balcony, Generator, SQ, Gate, Intercom, Sauna, Electric Fence",N/A,N/A,KenyaPropertyCentre
Westlands,Land,2,3,N/A,"Swimming Pool, Gym, Garden, Borehole",N/A,N/A,KenyaPropertyCentre
Westlands,Townhouse,5,7,2428.1,"Swimming Pool, Garden, Parking, Solar, SQ",N/A,N/A,KenyaPropertyCentre
Westlands,Land,2,1,N/A,"Parking, Security, En Suite, Solar",N/A,N/A,KenyaPropertyCentre
Westlands,Land,1,1,67,"Swimming Pool, Gym, Garden, Parking, Security, CCTV, Generator, SQ, Rooftop",N/A,N/A,KenyaPropertyCentre
Nairobi,Townhouse,5,5,N/A,Parking,N/A,N/A,KenyaPropertyCentre
Spring Valley,Townhouse,5,5,594.6,"Garden, Parking, Security, Borehole, Generator, Solar, SQ, Gate, Laundry",N/A,N/A,KenyaPropertyCentre
Ngong Road,Maisonette,7,6,N/A,Parking,N/A,N/A,KenyaPropertyCentre
Thika Road,Maisonette,4,5,N/A,"Parking, CCTV, SQ, Gate, Rooftop",N/A,N/A,KenyaPropertyCentre
Karen,Land,4,5,N/A,"Garden, Parking, SQ",N/A,N/A,KenyaPropertyCentre
Karen,Commercial,4,5,N/A,"Swimming Pool, Parking, Security, SQ, Gate",N/A,N/A,KenyaPropertyCentre
Karen,Land,4,5,N/A,"Parking, SQ",N/A,N/A,KenyaPropertyCentre
Karen,Land,4,5,N/A,"Garden, Parking, SQ, Gate",N/A,N/A,KenyaPropertyCentre
Kilimani,Commercial,2,2,N/A,"Swimming Pool, Gym, Parking, Security, Borehole, Lift, CCTV, Generator, Clubhouse",N/A,N/A,KenyaPropertyCentre
Kileleshwa,Studio,1,1,48,"Swimming Pool, Gym, Parking, Borehole, Lift, Generator, SQ, Sauna",N/A,N/A,KenyaPropertyCentre
Kileleshwa,Apartment,1,1,63,"Swimming Pool, Gym, Parking, Borehole, Lift, Generator, SQ, Sauna",N/A,N/A,KenyaPropertyCentre
Kileleshwa,Apartment,2,2,85,"Swimming Pool, Gym, Parking, Borehole, Lift, Generator, SQ, Sauna",N/A,N/A,KenyaPropertyCentre
Kileleshwa,Commercial,4,4,N/A,"Parking, Security, Borehole, Lift, Balcony, CCTV, Generator, Laundry",N/A,N/A,KenyaPropertyCentre
Valley Arcade,House,2,2,N/A,"Swimming Pool, Gym, Parking, Security, Borehole, Balcony, Generator, Lift",N/A,N/A,KenyaPropertyCentre
Lavington,Villa,5,5,557.4,"Swimming Pool, Gym, Parking, Security, Balcony, CCTV, Generator, Solar, SQ, Gate, Jacuzzi, Gazebo",N/A,N/A,KenyaPropertyCentre
Nairobi West,Land,3,3,N/A,"Parking, Security, Lift, Balcony, CCTV, SQ",N/A,N/A,KenyaPropertyCentre
Westlands,Townhouse,4,4,N/A,"Swimming Pool, Gym, Garden, Parking, Borehole, CCTV, Generator, SQ, Clubhouse, Playground, Gate, Sauna",N/A,N/A,KenyaPropertyCentre
Westlands,Commercial,3,2,N/A,"Gym, Parking, Security, Lift, CCTV",N/A,N/A,KenyaPropertyCentre
Nairobi,Commercial,3,N/A,N/A,Store,N/A,N/A,KenyaPropertyCentre
Karen,Villa,4,4,N/A,"Swimming Pool, Garden, Parking, SQ, Rooftop",N/A,N/A,KenyaPropertyCentre
Karen,Land,4,5,N/A,"Parking, SQ",N/A,N/A,KenyaPropertyCentre
Karen,Land,4,5,N/A,"Garden, Parking, SQ, Gate",N/A,N/A,KenyaPropertyCentre
Kilimani,Apartment,1,1,N/A,"Gym, Parking, Borehole, Lift, Balcony, Generator",N/A,N/A,KenyaPropertyCentre
Kilimani,Apartment,2,2,N/A,"Swimming Pool, Gym, Parking, Balcony, Generator",N/A,N/A,KenyaPropertyCentre
Kileleshwa,Apartment,3,3,203,"Gym, SQ",N/A,N/A,KenyaPropertyCentre
Kileleshwa,Apartment,1,1,N/A,"Borehole, Balcony, Lift",N/A,N/A,KenyaPropertyCentre
Kileleshwa,Studio,1,1,N/A,"Gym, Parking, Security, Lift, Solar, Intercom, Rooftop",N/A,N/A,KenyaPropertyCentre
Valley Arcade,House,2,2,N/A,"Swimming Pool, Gym, Parking, Security, Borehole, Generator, Intercom, Lift",N/A,N/A,KenyaPropertyCentre
Lavington,Townhouse,5,5,N/A,Parking,N/A,N/A,KenyaPropertyCentre
Valley Arcade,Land,4,5,N/A,"Swimming Pool, Gym, Parking, Security, Balcony, Generator, SQ, Intercom, Lift",N/A,N/A,KenyaPropertyCentre
Valley Arcade,Land,4,4,N/A,"Swimming Pool, Parking, Generator, SQ, Lift",N/A,N/A,KenyaPropertyCentre
Westlands,Land,1,1,N/A,"Swimming Pool, Parking, Balcony, Laundry",N/A,N/A,KenyaPropertyCentre
Westlands,Land,3,3,175,"Gym, Parking, Generator, SQ, Rooftop",N/A,N/A,KenyaPropertyCentre
Nairobi,Studio,N/A,1,N/A,Jacuzzi,N/A,N/A,KenyaPropertyCentre
Athi River,Maisonette,3,3,160,"Garden, Parking, Security, Solar, SQ, Gate",N/A,N/A,KenyaPropertyCentre
Athi River,Land,N/A,N/A,900,"SQ, Gate",N/A,N/A,KenyaPropertyCentre
Kitengela,Land,N/A,N/A,N/A,None,N/A,N/A,KenyaPropertyCentre
Nairobi CBD,Bungalow,3,4,N/A,"Parking, Security, Gate, Laundry",N/A,N/A,KenyaPropertyCentre
Thika Road,Commercial,1,1,N/A,"Parking, Balcony",N/A,N/A,KenyaPropertyCentre
Karen,Land,5,5,4046.9,"Garden, Balcony, Solar",N/A,N/A,KenyaPropertyCentre
Karen,Villa,5,6,3035,"Gym, Garden, Parking, Balcony, Solar, SQ, Gate, Rooftop",N/A,N/A,KenyaPropertyCentre
Kilimani,Apartment,3,3,N/A,"Parking, Lift, Laundry",N/A,N/A,KenyaPropertyCentre
South B,Apartment,3,1,N/A,"Parking, Security, Borehole, Generator, Lift",N/A,N/A,KenyaPropertyCentre
Lavington,House,4,N/A,N/A,None,N/A,N/A,KenyaPropertyCentre
Lavington,Studio,1,1,66,"Swimming Pool, Gym, Garden, Parking, CCTV, SQ, Playground, Intercom, Laundry, Lift",N/A,N/A,KenyaPropertyCentre
Ngong Road,Commercial,3,3,N/A,"Parking, Security, Balcony, Laundry",N/A,N/A,KenyaPropertyCentre
Westlands,Land,2,2,95,"Swimming Pool, Gym, Garden, Parking, Security, Borehole, CCTV, Generator, SQ, Intercom, Lift",N/A,N/A,KenyaPropertyCentre
Westlands,Studio,1,1,52,"Swimming Pool, Gym, Parking, Security, Borehole, CCTV, Generator, Solar, SQ, Intercom, Rooftop, Sauna, Lift",N/A,N/A,KenyaPropertyCentre
Westlands,Land,2,2,N/A,"Swimming Pool, Gym, Parking, Security, Borehole, Generator, Laundry",N/A,N/A,KenyaPropertyCentre
Westlands,Commercial,4,4,N/A,"Swimming Pool, Garden, Parking, Borehole, En Suite, Balcony, CCTV, Generator, Fibre, Gate, Electric Fence",N/A,N/A,KenyaPropertyCentre
Westlands,Land,6,6,N/A,"Garden, Parking",N/A,N/A,KenyaPropertyCentre
Nairobi,Bungalow,2,2,211,"Garden, Parking, SQ, Gate, Laundry",N/A,N/A,KenyaPropertyCentre
Nairobi,Villa,N/A,N/A,8093.7,None,N/A,N/A,KenyaPropertyCentre
Thika Road,Commercial,N/A,1,707.5,"Parking, Security, SQ",N/A,N/A,KenyaPropertyCentre
Garden Estate,Townhouse,5,5,N/A,"Garden, Parking, Security, Sauna, Store",N/A,N/A,KenyaPropertyCentre
Karen,Bungalow,4,N/A,4046.9,"Garden, Solar, SQ, Gate",N/A,N/A,KenyaPropertyCentre
Karen,Townhouse,4,N/A,N/A,"Garden, SQ, Gate",N/A,N/A,KenyaPropertyCentre
Kilimani,Apartment,3,2,N/A,"Swimming Pool, Balcony, CCTV, Lift",N/A,N/A,KenyaPropertyCentre
Kilimani,House,2,2,N/A,"Parking, Generator, SQ, Laundry",N/A,N/A,KenyaPropertyCentre
Valley Arcade,House,2,2,N/A,"Gym, Parking, Security, Generator, Lift",N/A,N/A,KenyaPropertyCentre
Valley Arcade,Apartment,1,1,N/A,"Swimming Pool, Gym, Parking, Security, Borehole, Generator",N/A,N/A,KenyaPropertyCentre
Ngong Road,Commercial,3,3,N/A,"Parking, Security, Balcony, Laundry",N/A,N/A,KenyaPropertyCentre
Lavington,Apartment,2,2,N/A,"Swimming Pool, Gym, Parking",N/A,N/A,KenyaPropertyCentre
Lavington,House,2,2,N/A,"Swimming Pool, Gym, Parking, Balcony, Generator, SQ",N/A,N/A,KenyaPropertyCentre
Lavington,Land,3,N/A,N/A,"Gym, Garden, Parking, Security, Borehole, CCTV, Generator",N/A,N/A,KenyaPropertyCentre
Lavington,House,4,N/A,350,"Garden, SQ",N/A,N/A,KenyaPropertyCentre
Lower Kabete,Commercial,4,N/A,20,"SQ, Jacuzzi",N/A,N/A,KenyaPropertyCentre
Westlands,Townhouse,5,5,N/A,"Garden, Parking, SQ",N/A,N/A,KenyaPropertyCentre
Westlands,Land,1,1,N/A,None,N/A,N/A,KenyaPropertyCentre
Nairobi CBD,Commercial,4,N/A,8093.7,"Gym, Garden, Security, Generator, Sauna",N/A,N/A,KenyaPropertyCentre
Muthaiga,Land,5,N/A,1000,"Swimming Pool, Gym, Garden, Parking, Balcony, SQ, Sauna, Jacuzzi, Laundry, Gazebo",N/A,N/A,KenyaPropertyCentre
Nairobi CBD,Land,4,N/A,8093.7,"Balcony, SQ",N/A,N/A,KenyaPropertyCentre
Kilimani,Land,3,3,150,"Swimming Pool, Gym, Garden, Parking, Borehole, En Suite, Servant Quarter, SQ, Gate, Store",16800000,N/A,Jiji
Kilimani,Apartment,3,3,150,SQ,10800000,N/A,Jiji
Kilimani,Apartment,2,N/A,87,SQ,9400000,N/A,Jiji
Kileleshwa,Apartment,3,N/A,180,"Swimming Pool, Gym, Servant Quarter, SQ",23000000,N/A,Jiji
Garden Estate,Land,6,N/A,450,"Garden, SQ",55000000,N/A,Jiji
Roysambu,Apartment,2,N/A,4200,SQ,150000000,N/A,Jiji
Nairobi,Apartment,2,N/A,5000,"Gym, SQ",10800000,N/A,Jiji
Kileleshwa,Apartment,4,N/A,230,SQ,23000000,N/A,Jiji
Kileleshwa,Apartment,1,1,N/A,SQ,5700000,N/A,Jiji
Kileleshwa,Apartment,3,3,N/A,None,14500000,N/A,Jiji
Kileleshwa,Apartment,3,3,N/A,"Parking, Borehole, Gate",22000000,N/A,Jiji
Mirema,Apartment,1,N/A,5000,SQ,2500000,N/A,Jiji
Runda,House,5,N/A,500,SQ,110000000,N/A,Jiji
Zimmerman,Apartment,1,N/A,4200,SQ,150000000,N/A,Jiji
Kasarani,Apartment,1,N/A,31,SQ,3500000,N/A,Jiji
Kahawa,House,4,N/A,250,SQ,25000000,N/A,Jiji
Kilimani,Apartment,3,N/A,135,"SQ, Store",14800000,N/A,Jiji
Kilimani,Apartment,3,N/A,125,SQ,12000000,N/A,Jiji
Roysambu,Apartment,3,N/A,134,SQ,14500000,N/A,Jiji
Kileleshwa,Apartment,3,3,N/A,Garden,14500000,N/A,Jiji
Kasarani,Apartment,1,N/A,3200,SQ,65000000,N/A,Jiji
Kilimani,Apartment,3,N/A,150,"En Suite, SQ",15000000,N/A,Jiji
Nairobi,Apartment,3,N/A,90,SQ,5000000,N/A,Jiji
Kileleshwa,Apartment,3,N/A,160,SQ,15500000,N/A,Jiji
Valley Arcade,Townhouse,3,3,150,"Parking, Borehole, Lift, En Suite, Balcony, SQ, Gate",16500000,N/A,Jiji
Kileleshwa,Apartment,3,N/A,170,SQ,19000000,N/A,Jiji
Lavington,House,4,N/A,234,SQ,80000000,N/A,Jiji
Karen,Maisonette,5,N/A,200,"Parking, SQ",95000000,N/A,Jiji
Hurlingham,Apartment,3,N/A,171,"Lift, SQ",15000000,N/A,Jiji
Lower Kabete,Studio,1,N/A,25.5,SQ,2330000,N/A,Jiji
Nairobi,Land,3,N/A,900,SQ,10000000,N/A,Jiji
Runda,Land,6,N/A,4500,SQ,150000000,N/A,Jiji
Nairobi,House,3,N/A,450,SQ,7000000,N/A,Jiji
South B,House,4,N/A,250,"En Suite, SQ",25000000,N/A,Jiji
Kilimani,Studio,1,N/A,70,"SQ, Gate",4500000,N/A,Jiji
Spring Valley,Villa,4,N/A,543,SQ,80000000,N/A,Jiji
Upperhill,Apartment,3,N/A,80,SQ,7900000,N/A,Jiji
Njiru,House,1,N/A,4080,SQ,55000000,N/A,Jiji
Buruburu,Land,4,N/A,500,SQ,15000000,N/A,Jiji
Westlands,Land,3,N/A,130,SQ,14450000,N/A,Jiji
Embakasi,Land,1,N/A,500,SQ,70000000,N/A,Jiji
Lavington,Villa,5,N/A,350,"SQ, Gate",55000000,N/A,Jiji
Buruburu,Townhouse,4,N/A,260,SQ,15900000,N/A,Jiji
Kilimani,Apartment,3,N/A,251,"Balcony, SQ",35000000,N/A,Jiji
Valley Arcade,Townhouse,5,N/A,450,SQ,75000000,N/A,Jiji
Kileleshwa,Apartment,3,3,N/A,"Borehole, Lift",13800000,N/A,Jiji
Nairobi,Bungalow,2,N/A,100,SQ,2600000,N/A,Jiji
Westlands,Villa,2,N/A,95,SQ,12600000,N/A,Jiji
Syokimau,Maisonette,4,3,225,"Garden, Security, SQ, Gate, Store",15000000,N/A,Jiji
Riverside,Apartment,4,N/A,280,"SQ, Gate",15000000,N/A,Jiji
Kilimani,Apartment,1,N/A,60,SQ,7000000,N/A,Jiji
Ongata Rongai,Maisonette,4,N/A,190,SQ,90000000,N/A,Jiji
Membley,House,6,N/A,300,"Security, SQ",19500000,N/A,Jiji
Kitisuru,Maisonette,5,N/A,986,SQ,277000000,N/A,Jiji
Ngong Road,Apartment,2,N/A,56,SQ,5360000,N/A,Jiji
Kahawa Wendani,Bedsitter,8,N/A,2005,SQ,150000000,N/A,Jiji
Kasarani,Bedsitter,43,N/A,3370,SQ,65000000,N/A,Jiji
Kasarani,Maisonette,4,N/A,400,SQ,12500000,N/A,Jiji
South C,Bungalow,3,N/A,120,"SQ, Gate",11000000,N/A,Jiji
Parklands,Land,3,N/A,200,SQ,12500000,N/A,Jiji
South B,Maisonette,4,3,N/A,Gate,17500000,N/A,Jiji
Ngong Road,Land,1,N/A,23,SQ,2300000,N/A,Jiji
Runda,House,4,N/A,1000,SQ,120000000,N/A,Jiji
Runda,Maisonette,4,N/A,429,SQ,42000000,N/A,Jiji
Embakasi,Apartment,3,2,N/A,None,7000000,N/A,Jiji
Githurai,House,11,5,N/A,Store,20000000,N/A,Jiji
Kileleshwa,Apartment,3,N/A,90,SQ,13800000,N/A,Jiji
Westlands,Land,3,N/A,3000,"Garden, SQ",25380000,N/A,Jiji
Kahawa,Apartment,4,N/A,105,SQ,8400000,N/A,Jiji
Embakasi,Maisonette,4,N/A,300,SQ,9999999,N/A,Jiji
Lavington,Commercial,2,N/A,90,SQ,9000000,N/A,Jiji
Langata,House,4,N/A,246,SQ,38800000,N/A,Jiji
Langata,Townhouse,4,2,170,"Gym, Parking, Lift, SQ, Gate, Store",26000000,N/A,Jiji
Nairobi,Maisonette,4,N/A,297,SQ,14000000,N/A,Jiji
Kileleshwa,Apartment,2,N/A,96,SQ,10987788,N/A,Jiji
Parklands,Land,3,N/A,2800,SQ,21000000,N/A,Jiji
Nairobi,Maisonette,5,N/A,500,"SQ, Gate",16000000,N/A,Jiji
Embakasi,Apartment,3,N/A,135,SQ,8750000,N/A,Jiji
Kilimani,House,3,N/A,204,SQ,29400000,N/A,Jiji
Embakasi,Bungalow,4,N/A,450,"SQ, Gate",20000000,N/A,Jiji
Lavington,House,1,N/A,60,SQ,7600000,N/A,Jiji
Dagoretti,Bungalow,3,N/A,200,SQ,20000000,N/A,Jiji
Kileleshwa,Bungalow,1,N/A,60,"Gym, Lift, SQ",7000000,N/A,Jiji
Westlands,Land,3,N/A,64,SQ,6500000,N/A,Jiji
Runda,House,4,N/A,380,SQ,120000000,N/A,Jiji
Lower Kabete,Apartment,2,2,N/A,Lift,12500000,N/A,Jiji
Dagoretti,Apartment,1,N/A,80,"Parking, SQ, Lift",6500000,N/A,Jiji
Parklands,Land,3,N/A,190,SQ,14000000,N/A,Jiji
Embakasi,Maisonette,3,N/A,250,SQ,9999999,N/A,Jiji
Kahawa,Apartment,4,N/A,105,SQ,13000000,N/A,Jiji
Nairobi,Bungalow,2,N/A,100,SQ,2600000,N/A,Jiji
Karen,House,4,N/A,5000,SQ,80000000,N/A,Jiji
Westlands,Land,2,N/A,270,SQ,13500000,N/A,Jiji
Mwiki,Bungalow,3,N/A,2500,SQ,6200000,N/A,Jiji
Valley Arcade,Townhouse,4,N/A,400,"SQ, Store",65000000,N/A,Jiji
Kileleshwa,Maisonette,4,N/A,3530,SQ,155000000,N/A,Jiji
Westlands,Townhouse,4,2,2500,"Swimming Pool, Garden, SQ, Gate",26500000,N/A,Jiji
Lavington,Villa,5,N/A,557,"Swimming Pool, SQ",155000000,N/A,Jiji
Parklands,Land,3,N/A,200,SQ,19500000,N/A,Jiji
Hurlingham,Apartment,3,N/A,167,SQ,18000000,N/A,Jiji
Nairobi,Apartment,2,N/A,95,SQ,8000000,N/A,Jiji
Westlands,Land,3,N/A,200,SQ,28000000,N/A,Jiji
Westlands,Land,1,N/A,58,SQ,7300000,N/A,Jiji
Mwiki,Bedsitter,2,2,N/A,None,42000000,N/A,Jiji
Kilimani,Apartment,4,N/A,400,SQ,28000000,N/A,Jiji
Dagoretti,Studio,1,N/A,24,SQ,2700000,N/A,Jiji
Hurlingham,Apartment,2,N/A,102,SQ,10500000,N/A,Jiji
Hurlingham,House,1,N/A,56,SQ,8800000,N/A,Jiji
Imara Daima,Villa,2,1,N/A,Garden,4500000,N/A,Jiji
Kilimani,Apartment,3,3,N/A,None,12000000,N/A,Jiji
Valley Arcade,Apartment,4,N/A,400,SQ,16000000,N/A,Jiji
Kilimani,Apartment,2,N/A,185,SQ,11000000,N/A,Jiji
Ruiru,Maisonette,4,N/A,262,SQ,20500000,N/A,Jiji
Nairobi,Bungalow,3,N/A,152,"SQ, Gate",9750000,N/A,Jiji
Valley Arcade,Apartment,4,N/A,251,SQ,27000000,N/A,Jiji
Nairobi,Bungalow,3,N/A,150,SQ,9750000,N/A,Jiji
Lavington,Apartment,4,N/A,400,SQ,110000000,N/A,Jiji
Kileleshwa,Apartment,4,N/A,270,SQ,24500000,N/A,Jiji
Kahawa Wendani,House,6,N/A,600,SQ,28000000,N/A,Jiji
Ridgeways,Townhouse,4,N/A,320,SQ,75000000,N/A,Jiji
Runda,Townhouse,4,N/A,600,"Swimming Pool, Security, Lift, En Suite, Fibre, SQ, Gate",350000000,N/A,Jiji
South B,Apartment,2,N/A,200,"Security, SQ",7000000,N/A,Jiji
Kasarani,Land,2,N/A,464,SQ,39500000,N/A,Jiji
Kitisuru,Apartment,2,N/A,113,SQ,12500000,N/A,Jiji
Imara Daima,Maisonette,4,N/A,200,SQ,16000000,N/A,Jiji
Hurlingham,Maisonette,3,N/A,980,SQ,85000000,N/A,Jiji
Kileleshwa,Apartment,4,N/A,270,SQ,25800000,N/A,Jiji
Kilimani,House,2,N/A,120,"SQ, Gate",14500000,N/A,Jiji
Westlands,Townhouse,4,N/A,250,SQ,50000000,N/A,Jiji
Upper Hill,Apartment,3,N/A,174,SQ,19800000,N/A,Jiji
Githurai,Apartment,1,N/A,3200,SQ,80000000,N/A,Jiji
Hurlingham,Studio,1,N/A,43,SQ,5200000,N/A,Jiji
Westlands,Land,4,N/A,160,SQ,33650000,N/A,Jiji
Westlands,Villa,5,N/A,200,SQ,131000000,N/A,Jiji
Kileleshwa,Studio,1,N/A,48,SQ,4500000,N/A,Jiji
South C,Apartment,2,N/A,152,"En Suite, Fibre, SQ",12500000,N/A,Jiji
Westlands,Land,1,N/A,52,"SQ, Gate",5500000,N/A,Jiji
Westlands,Land,1,N/A,41,SQ,5800000,N/A,Jiji
Westlands,Land,1,N/A,59,SQ,7800000,N/A,Jiji
Westlands,Maisonette,4,N/A,300,SQ,34000000,N/A,Jiji
Lower Kabete,Land,1,N/A,33,SQ,3300000,N/A,Jiji
Kilimani,Apartment,3,N/A,260,"Lift, SQ",15500000,N/A,Jiji
Muthaiga,Bungalow,5,N/A,657,SQ,400000000,N/A,Jiji
Ridgeways,House,8,N/A,500,"Swimming Pool, SQ",110000000,N/A,Jiji
Embakasi,Townhouse,3,20,250,"Gym, Garden, Security, SQ, Gate, Intercom",7700000,N/A,Jiji
Ridgeways,House,5,N/A,600,SQ,64000000,N/A,Jiji
Kileleshwa,Apartment,3,N/A,190,SQ,16500000,N/A,Jiji
Kasarani,House,6,N/A,999,SQ,55000000,N/A,Jiji
Imara Daima,Maisonette,4,N/A,250,"Security, SQ, Gate",15000000,N/A,Jiji
Kileleshwa,Apartment,2,N/A,130,SQ,12500000,N/A,Jiji
Parklands,Land,3,N/A,250,SQ,21500000,N/A,Jiji
Kileleshwa,Apartment,4,N/A,230,SQ,22000000,N/A,Jiji
Kileleshwa,Apartment,2,N/A,90,SQ,8500000,N/A,Jiji
Kileleshwa,Apartment,1,N/A,60,SQ,7500000,N/A,Jiji
Westlands,Townhouse,4,N/A,1056,SQ,113000000,N/A,Jiji
Kasarani,Bedsitter,20,20,N/A,None,130000000,N/A,Jiji
Westlands,Studio,1,N/A,48,SQ,8200000,N/A,Jiji
Parklands,Land,2,N/A,90,SQ,8000000,N/A,Jiji
Parklands,Maisonette,4,N/A,2800,"SQ, Gate",22500000,N/A,Jiji
Nairobi,Bungalow,3,N/A,150,SQ,9500000,N/A,Jiji
Kilimani,Apartment,1,N/A,43,SQ,5200000,N/A,Jiji
Kilimani,Apartment,1,N/A,55,SQ,6500000,N/A,Jiji
Langata,Townhouse,5,N/A,N/A,None,44000000,N/A,Jiji
Nairobi,House,4,N/A,236,SQ,14000000,N/A,Jiji
Westlands,Land,1,N/A,67,"Gym, SQ, Intercom",7600000,N/A,Jiji
Westlands,Land,1,N/A,104,SQ,6440000,N/A,Jiji
Garden Estate,House,4,N/A,474,"Garden, SQ",55000000,N/A,Jiji
Westlands,Land,2,N/A,94,SQ,15540000,N/A,Jiji
Dagoretti,Townhouse,1,3,49,"Security, Borehole, SQ, Gate",4900000,N/A,Jiji
Kilimani,Apartment,3,3,N/A,None,13100000,N/A,Jiji
Langata,House,4,N/A,260,SQ,35900000,N/A,Jiji
Westlands,Land,2,N/A,1700,SQ,22400000,N/A,Jiji
Eastleigh,Apartment,2,2,N/A,None,285000000,N/A,Jiji
Muthaiga,Apartment,2,N/A,185,SQ,13000000,N/A,Jiji
Runda,Villa,4,N/A,350,"Security, SQ",52000000,N/A,Jiji
Westlands,Land,1,N/A,57,SQ,7700000,N/A,Jiji
Nairobi,Bungalow,3,N/A,150,"SQ, Gate",9550000,N/A,Jiji
Kileleshwa,House,4,N/A,270,SQ,29500000,N/A,Jiji
Karen,House,5,N/A,500,SQ,99000000,N/A,Jiji
Kahawa,Bedsitter,54,N/A,3200,SQ,61000000,N/A,Jiji
Roysambu,Commercial,1,N/A,465,"Borehole, SQ",122000000,N/A,Jiji
Westlands,Land,3,N/A,198,SQ,22250000,N/A,Jiji
Kilimani,Apartment,1,N/A,70,SQ,6900000,N/A,Jiji
Dagoretti,Apartment,2,N/A,65,SQ,7800000,N/A,Jiji
Komarock,House,6,N/A,400,SQ,23000000,N/A,Jiji
Kilimani,Apartment,2,N/A,75,SQ,7500000,N/A,Jiji
Runda,House,5,N/A,500,SQ,110000000,N/A,Jiji
Nairobi West,Townhouse,5,4,N/A,None,34000000,N/A,Jiji
South C,Commercial,5,4,N/A,None,35000000,N/A,Jiji
Kilimani,Apartment,2,N/A,95,SQ,7500000,N/A,Jiji
Nairobi,Apartment,2,N/A,5000,SQ,12300000,N/A,Jiji
Hurlingham,Maisonette,3,3,190,"Swimming Pool, Gym, Garden, SQ, Gate, Laundry",23000000,N/A,Jiji
Kileleshwa,Apartment,1,N/A,55,SQ,7500000,N/A,Jiji
Kilimani,Apartment,3,N/A,65,SQ,7200000,N/A,Jiji
Westlands,Land,1,N/A,65,SQ,7000000,N/A,Jiji
Hurlingham,House,2,N/A,60,"Garden, SQ",11500000,N/A,Jiji
Imara Daima,Apartment,3,2,N/A,"Garden, SQ, Laundry",13500000,N/A,Jiji
Kilimani,Studio,1,N/A,22,SQ,1900000,N/A,Jiji
Thome,Maisonette,5,N/A,1400,SQ,89000000,N/A,Jiji
Kileleshwa,Studio,1,N/A,42,SQ,4500000,N/A,Jiji
Komarock,Maisonette,4,N/A,505,SQ,12500000,N/A,Jiji
Kasarani,Apartment,18,N/A,1023,SQ,155000000,N/A,Jiji
Parklands,Land,3,N/A,2700,SQ,21000000,N/A,Jiji
Kileleshwa,Maisonette,4,N/A,130,SQ,38000000,N/A,Jiji
Imara Daima,House,3,N/A,59,"Swimming Pool, Gym, SQ",10500000,N/A,Jiji
Kilimani,Apartment,2,5,80,"SQ, Laundry",9000000,N/A,Jiji
Hurlingham,Apartment,3,N/A,134,SQ,15200000,N/A,Jiji
Kileleshwa,Apartment,1,N/A,58,SQ,7500000,N/A,Jiji
Westlands,Land,3,3,N/A,SQ,30000000,N/A,Jiji
Kasarani,Bedsitter,2,N/A,786,SQ,26000000,N/A,Jiji
Parklands,Land,5,N/A,1000,"Garden, SQ",160000000,N/A,Jiji
Langata,Maisonette,3,N/A,1140,SQ,15000000,N/A,Jiji
Kileleshwa,Apartment,3,N/A,208,SQ,19500000,N/A,Jiji
Kahawa,House,5,N/A,400,"SQ, Gate",55000000,N/A,Jiji
Ridgeways,Maisonette,6,5,450,"Swimming Pool, Gym, Garden, Lift, SQ, Store",70000000,N/A,Jiji
South C,House,8,5,N/A,None,95000000,N/A,Jiji
Kilimani,House,6,N/A,1000,"Swimming Pool, SQ",65000000,N/A,Jiji
Westlands,Land,1,N/A,41,SQ,5800000,N/A,Jiji
Westlands,Land,1,N/A,5000,SQ,7800000,N/A,Jiji
Lavington,House,5,N/A,370,"SQ, Store",80000000,N/A,Jiji
Kilimani,Studio,1,1,N/A,None,1900000,N/A,Jiji
Garden Estate,Villa,5,N/A,350,"Garden, SQ",75000000,N/A,Jiji
Nairobi,Apartment,3,N/A,300,"Garden, SQ",14500000,N/A,Jiji
Kasarani,Commercial,1,1,N/A,None,25000000,N/A,Jiji
Lavington,Apartment,3,N/A,170,SQ,23000000,N/A,Jiji
Kilimani,Apartment,2,N/A,70,SQ,7500000,N/A,Jiji
Hurlingham,Land,3,N/A,205,SQ,29500000,N/A,Jiji
Lavington,Maisonette,5,N/A,450,SQ,75000000,N/A,Jiji
Valley Arcade,Apartment,3,N/A,138,SQ,12800000,N/A,Jiji
Roysambu,Commercial,1,N/A,464,SQ,120000000,N/A,Jiji
South C,Apartment,2,N/A,180,SQ,8000000,N/A,Jiji
Kasarani,Bedsitter,1,N/A,3200,SQ,52000000,N/A,Jiji
Kilimani,Apartment,3,N/A,186,SQ,12500000,N/A,Jiji
Kitisuru,Villa,5,N/A,900,SQ,75000000,N/A,Jiji
Kileleshwa,Apartment,3,N/A,236,SQ,22000000,N/A,Jiji
Kilimani,Apartment,3,3,N/A,SQ,13500000,N/A,Jiji
Thome,House,3,N/A,134,"Gym, Lift, SQ",14500000,N/A,Jiji
Karen,Maisonette,5,2,550,"Gym, SQ, Gate",155000000,N/A,Jiji
Hurlingham,Apartment,3,N/A,250,SQ,20000000,N/A,Jiji
Hurlingham,Apartment,3,N/A,173,SQ,18500000,N/A,Jiji
Westlands,Land,3,N/A,5000,SQ,18300000,N/A,Jiji
Kileleshwa,House,4,N/A,338,SQ,34000000,N/A,Jiji
Kilimani,Apartment,2,N/A,61,SQ,6200000,N/A,Jiji
Karen,Villa,5,N/A,600,SQ,155000000,N/A,Jiji
Westlands,Land,5,N/A,400,SQ,110000000,N/A,Jiji
Githurai,Bedsitter,1,N/A,465,SQ,34500000,N/A,Jiji
South C,Land,4,N/A,650,SQ,110000000,N/A,Jiji
Westlands,Land,3,N/A,5000,"Gym, SQ",19500000,N/A,Jiji
Donholm,Maisonette,4,N/A,160,"SQ, Gate",18000000,N/A,Jiji
Kilimani,Apartment,3,N/A,118,SQ,14800000,N/A,Jiji
Runda,Villa,5,N/A,500,SQ,150000000,N/A,Jiji
Dagoretti,Apartment,2,2,N/A,None,73000000,N/A,Jiji
Zimmerman,Commercial,1,N/A,465,SQ,151000000,N/A,Jiji
Zimmerman,Bedsitter,1,N/A,3200,SQ,62000000,N/A,Jiji
Ridgeways,Maisonette,5,N/A,500,SQ,150000000,N/A,Jiji
Westlands,Land,2,N/A,5000,"SQ, Gate",11500000,N/A,Jiji
Hurlingham,House,4,N/A,295,SQ,29000000,N/A,Jiji
Kilimani,Apartment,1,1,N/A,None,7062000,N/A,Jiji
Kitisuru,Apartment,2,N/A,112,SQ,12500000,N/A,Jiji
Kahawa Wendani,Apartment,1,1,N/A,None,123000000,N/A,Jiji
Roysambu,Townhouse,1,2,3200,"Swimming Pool, Gym, Garden, Parking, Borehole, Lift, Balcony, SQ, Gate, Laundry",118000000,N/A,Jiji
Komarock,Maisonette,4,N/A,550,SQ,11000000,N/A,Jiji
Westlands,Land,2,2,N/A,None,12100000,N/A,Jiji
Karen,Villa,5,N/A,600,SQ,99000000,N/A,Jiji
Kasarani,Apartment,1,1,N/A,None,58000000,N/A,Jiji
Kileleshwa,Apartment,3,4,N/A,None,30000000,N/A,Jiji
Garden Estate,House,4,N/A,350,"Garden, SQ",55000000,N/A,Jiji
South C,Apartment,3,3,N/A,Gate,18000000,N/A,Jiji
Kilimani,Apartment,4,N/A,1000,"Swimming Pool, Gym, Balcony, SQ",27800000,N/A,Jiji
Kileleshwa,Apartment,2,N/A,125,SQ,14500000,N/A,Jiji
Kilimani,Apartment,1,N/A,31,SQ,3400000,N/A,Jiji
Kiambu,Townhouse,4,N/A,310,SQ,65000000,N/A,Jiji
Kasarani,Bedsitter,1,1,N/A,None,95000000,N/A,Jiji
Kileleshwa,Apartment,2,N/A,166,SQ,14000000,N/A,Jiji
Dagoretti,Townhouse,6,N/A,250,SQ,25000000,N/A,Jiji
Westlands,Land,2,N/A,110,"Swimming Pool, Gym, Lift, SQ, Laundry",14500000,N/A,Jiji
Kilimani,Apartment,3,N/A,5000,SQ,29000000,N/A,Jiji
Kileleshwa,Apartment,4,N/A,260,SQ,23500000,N/A,Jiji
Garden Estate,Commercial,5,N/A,450,"Garden, SQ",90000000,N/A,Jiji
Roysambu,Apartment,1,N/A,3200,SQ,156000000,N/A,Jiji
Westlands,Land,1,N/A,55,"Parking, SQ",6200000,N/A,Jiji
Kahawa,Apartment,2,N/A,70,SQ,5100000,N/A,Jiji
Thika Road,Apartment,1,2,N/A,None,100000000,N/A,Jiji
Upper Hill,Land,N/A,N/A,N/A,Solar,65,N/A,CommercialPropertyKenya
Upper Hill,Land,N/A,N/A,N/A,Solar,65,N/A,CommercialPropertyKenya
